,Title,Type,Cast,Country,Release Year,Date Added,Rating,Duration,Vote Average
0,Disney Roll It Back (Shorts),TV Show,"Ramon Reed, Kaylin Hayman, Suzi Barrett, Tobie Windham, JC Currais",Unknown,2019,"February 26, 2021",TV-Y7,1 Season,10.0
1,When Sharks Attack,TV Show,Eric Meyers,United States,2013,"July 9, 2021",TV-14,7 Seasons,10.0
2,Disney Junior Music Lullabies,TV Show,Unknown,Unknown,2018,"July 17, 2020",TV-Y,1 Season,10.0
3,Disney Junior T.O.T.S.,TV Show,"Vanessa Williams, Megan Hilty, Jet Jurgensmeyer, Christian Simon",United States,2018,"July 28, 2021",TV-Y,2 Seasons,10.0
4,Ancient China from Above,TV Show,Dr. Allan Maca,United States,2020,"September 18, 2020",TV-14,1 Season,10.0
5,Wild Central America,TV Show,Nigel Marven,Unknown,2020,"September 25, 2020",TV-PG,1 Season,10.0
6,Bug Juice: My Adventures at Camp,TV Show,Unknown,United States,2017,"November 12, 2019",TV-G,1 Season,10.0
7,Disney Fam Jam,TV Show,"Phil Wright, Ariel Martin, Trevor Tordjman",United States,2020,"January 8, 2021",TV-G,1 Season,10.0
8,Secrets of the Zoo: Tampa,TV Show,"Dr. Ray Ball, Dr. Lauren Smith, Chris Massaro, Tiffany Burns, Mike Burns, Melinda Mendolusky",United States,2019,"November 24, 2021",TV-PG,2 Seasons,9.6
9,The Rocketeer,TV Show,"Kitana Turnbull, Billy Campbell, Kathy Najimy, Callan Farris, Frank Welker",United States,2019,"October 16, 2020",TV-Y,1 Season,9.0
10,Coop & Cami Ask The World,TV Show,"Ruby Turner, Dakota Lotus, Olivia Sanabia, Albert Tsai, Paxton Booth, Rebecca Metz",United States,2018,"September 18, 2020",TV-G,2 Seasons,9.0
11,Coop & Cami Ask The World (Shorts),TV Show,Unknown,Unknown,2018,"November 12, 2019",TV-G,1 Season,9.0
12,Life Below Zero: Next Generation,TV Show,Mocean Melvin,United States,2020,"August 25, 2021",TV-14,2 Seasons,8.8
13,Wild Chile,TV Show,Peter Venn,United Kingdom,2017,"July 17, 2020",TV-PG,1 Season,8.75
14,Meet Spidey and His Amazing Friends (Shorts),TV Show,"Ben Valic, Melanie Minichino",Unknown,2021,"July 21, 2021",TV-Y,1 Season,8.648
15,Disney The Owl House,TV Show,"Sarah-Nicole Robles, Wendie Malick, Alex Hirsch, Tati Gabrielle, Issac Brown, Mae Whitman",United States,2020,"July 21, 2021",TV-Y7,2 Seasons,8.648
16,Disney The Owl House,TV Show,"Sarah-Nicole Robles, Wendie Malick, Alex Hirsch, Tati Gabrielle, Issac Brown, Mae Whitman", United Kingdom,2020,"July 21, 2021",TV-Y7,2 Seasons,8.648
17,Disney Sydney To The Max,TV Show,"Ruth Righi, Ava Kolker, Jackson Dollinger, Christian Simon, Ian Kesler, Caroline Rhea",United States,2018,"May 28, 2021",TV-G,3 Seasons,8.571
18,Bluey,TV Show,"Dave Mccormack, Melanie Zanetti, Brad Elliot, Hsiao-Ling Tang",Australia,2019,"May 28, 2021",TV-Y,2 Seasons,8.571
19,Bluey,TV Show,"Dave Mccormack, Melanie Zanetti, Brad Elliot, Hsiao-Ling Tang", United Kingdom,2019,"May 28, 2021",TV-Y,2 Seasons,8.571
20,Unknown Waters with Jeremy Wade,TV Show,Jeremy Wade,Unknown,2021,"September 15, 2021",TV-14,1 Season,8.5
21,Adventures in Wonderland,TV Show,"Patrick Richwood, Reece Holland, John Robert Hoffman, Wesley Mann, Harry Waters Jr., John Lovelady",Unknown,1996,"April 30, 2021",TV-G,1 Season,8.5
22,The Beatles: Get Back,TV Show,"John Lennon, Paul McCartney, George Harrison, Ringo Starr",Unknown,2021,"November 25, 2021",Unknown,1 Season,8.48
23,Star Wars: The Clone Wars,TV Show,"Tom Kane, Matt Lanter, Ashley Eckstein, James Arnold Taylor, Dee Baker, Corey Burton",United States,2008,"February 21, 2020",TV-PG,7 Seasons,8.469
24,The Mandalorian,TV Show,"Pedro Pascal, Carl Weathers, Gina Carano, Omid Abtahi, Nick Nolte",United States,2019,"October 30, 2020",TV-14,2 Seasons,8.463
25,Cosmos: A Spacetime Odyssey,TV Show,"Neil Tyson, Stoney Emshwiller",United States,2013,"July 10, 2020",TV-PG,1 Season,8.442
26,The Incredible Dr. Pol,TV Show,"Rick Robles, Dr. Pol",United States,2011,"September 8, 2021",TV-14,19 Seasons,8.4
27,High School Musical: The Musical: The Series: The Sing-Along,TV Show,"Olivia Rodrigo, Joshua Bassett, Matt Cornett, Sofia Wylie, Larry Saperstein",Unknown,2019,"January 17, 2020",TV-PG,1 Season,8.4
28,Girl Meets World,TV Show,"Rowan Blanchard, Ben Savage, Sabrina Carpenter, Peyton Meyer, August Maturo, Danielle Fishel",United States,2013,"November 12, 2019",TV-G,3 Seasons,8.394
29,Boy Meets World,TV Show,"Ben Savage, William Daniels, Betsy Randle, Will Friedle, Rider Strong, Lee Norris",United States,1993,"November 12, 2019",TV-PG,7 Seasons,8.33
30,Kickin' It,TV Show,"Leo Howard, Dylan Snyder, Mateo Arias, Olivia Holt, Alex Jones, Jason Earles",United States,2010,"November 12, 2019",TV-PG,4 Seasons,8.3
31,Spider-Man,TV Show,"Christopher Daniel Barnes, Edward Asner, Linda Gray, Rodney Saulsberry, Liz Georges, Saratoga Ballantine",United States,1994,"May 3, 2021",TV-Y7,5 Seasons,8.3
32,UFO Europe: The Untold Stories,TV Show,Robert Ashby,Unknown,2012,"August 7, 2020",TV-PG,1 Season,8.3
33,Secrets of Sulphur Springs,TV Show,"Preston Oliver, Kyliegh Curran, Elle Graham, Madeleine McGraw, Landon Gordon, Kelly Frye",United States,2021,"February 26, 2021",TV-PG,1 Season,8.3
34,Special Agent Oso,TV Show,"Sean Astin, Meghan Strange, Gary Anthony Williams, Amber Hood, Cam Clarke, Phill Lewis",United States,2009,"May 14, 2021",TV-Y,2 Seasons,8.267
35,Special Agent Oso,TV Show,"Sean Astin, Meghan Strange, Gary Anthony Williams, Amber Hood, Cam Clarke, Phill Lewis", United Kingdom,2009,"May 14, 2021",TV-Y,2 Seasons,8.267
36,Special Agent Oso,TV Show,"Sean Astin, Meghan Strange, Gary Anthony Williams, Amber Hood, Cam Clarke, Phill Lewis", South Korea,2009,"May 14, 2021",TV-Y,2 Seasons,8.267
37,The Bad Batch,TV Show,Dee Bradley Baker,Unknown,2021,"May 4, 2021",TV-PG,1 Season,8.267
38,WandaVision,TV Show,"Elizabeth Olsen, Paul Bettany, Teyonah Parris, Kathryn Hahn, Randall Park, Kat Dennings",United States,2021,"January 15, 2021",TV-14,1 Season,8.262
39,The Avengers: Earth's Mightiest Heroes,TV Show,"Eric Loomis, Bumper Robinson, Dawn Olivera, Phil LaMarr, Alex Desert, Kari Wuhrer",United States,2010,"November 12, 2019",TV-Y7,2 Seasons,8.211
40,What If...?,TV Show,Unknown,Unknown,2021,"August 11, 2021",TV-14,1 Season,8.202
41,Year Million,TV Show,Laurence Fishburne,United States,2016,"January 1, 2020",TV-PG,1 Season,8.2
42,Disney A.N.T. Farm,TV Show,"China McClain, Sierra McCormick, Jake Short, Stefanie Scott, Carlon Jeffery",United States,2011,"June 26, 2020",TV-G,3 Seasons,8.2
43,Animal ER,TV Show,Dr. Brian Beale,United States,2016,"July 3, 2020",TV-PG,2 Seasons,8.2
44,Cesar Millan: Better Human Better Dog,TV Show,Dustin Rubin,Unknown,2021,"August 4, 2021",TV-14,1 Season,8.2
45,Best Friends Whenever,TV Show,"Lauren Taylor, Shelby Bender, Gus Kamp, Ricky Garcia, Benjamin Royer, Matthew Royer",United States,2015,"November 12, 2019",TV-G,2 Seasons,8.184
46,Big City Greens (Shorts),TV Show,Unknown,Unknown,2017,"November 12, 2019",TV-Y7,1 Season,8.184
47,Big Hero 6 The Series (Shorts),TV Show,Unknown,Unknown,2017,"November 12, 2019",TV-Y7,2 Seasons,8.184
48,Lab Rats,TV Show,"Billy Unger, Spencer Boldman, Kelli Berglund, Tyrel Williams, Hal Sparks",United States,2011,"November 12, 2019",TV-Y7,4 Seasons,8.178
49,LEGO Disney Frozen: Northern Lights (Shorts),TV Show,Unknown,United States,2016,"November 12, 2019",TV-Y7,1 Season,8.178
50,Loki,TV Show,Tom Hiddleston,Unknown,2021,"June 9, 2021",TV-14,1 Season,8.165
51,Kick Buttowski: Suburban Daredevil,TV Show,"Charlie Schlatter, Matt Jones, Danny Cooksey",United States,2010,"April 9, 2021",TV-Y7,2 Seasons,8.163
52,Andi Mack,TV Show,"Peyton Lee, Joshua Rush, Sofia Wylie, Asher Angel, Lilan Bowden, Lauren Tom",United States,2016,"November 12, 2019",TV-G,3 Seasons,8.157
53,The Mighty Ducks: Game Changers,TV Show,Unknown,Unknown,2021,"March 26, 2021",TV-PG,1 Season,8.143
54,Disney Big Hero 6 The Series,TV Show,"Scott Adsit, Ryan Potter, Brooks Wheelan, Jamie Chung, Khary Payton, Genesis Rodriguez",United States,2017,"March 19, 2021",TV-G,3 Seasons,8.143
55,The Muppets (Series),TV Show,"Bill Barretta, Dave Goelz, Eric Jacobson, Peter Linz, David Rudman, Matt Vogel",United States,2015,"November 12, 2019",TV-PG,1 Season,8.14
56,The Imagineering Story,TV Show,Unknown,United States,2019,"November 12, 2019",TV-PG,1 Season,8.14
57,Liv and Maddie,TV Show,"Dove Cameron, Joey Bragg, Tenzing Norgay Trainor, Kali Rocha, Benjamin King",United States,2013,"April 23, 2021",TV-G,4 Seasons,8.116
58,Violetta,TV Show,"Diego Ramos, Martina Stoessel, Pablo Espinosa, Jorge Blanco, Mercedes Lambre, Nicolás Garnier",Argentina,2011,"September 18, 2020",TV-G,3 Seasons,8.107
59,Wizards of Waverly Place,TV Show,"Selena Gomez, David Henrie, Jake Austin, Jennifer Stone, Maria Canals-Barrera, David DeLuise",United States,2007,"November 12, 2019",TV-G,4 Seasons,8.1
60,Gargoyles,TV Show,"Thom Hernandez, Edward Asner, Jeff Bennett, Keith David, Bill Fagerbakke, Jonathan Frakes",United States,1994,"November 12, 2019",TV-Y7,3 Seasons,8.1
61,Jessie,TV Show,"Debby Ryan, Peyton List, Cameron Boyce, Karan Brar, Skai Jackson, Kevin Chamberlin",United States,2011,"November 12, 2019",TV-PG,4 Seasons,8.083
62,Miraculous: Tales Of Ladybug & Cat Noir,TV Show,"Cristina Vee, Bryce Papenbrook, Keith Silverstein, Mela Lee, Max Mittelman, Carrie Keranen",France,2015,"September 15, 2021",TV-Y7,1 Season,8.044
63,Miraculous: Tales Of Ladybug & Cat Noir,TV Show,"Cristina Vee, Bryce Papenbrook, Keith Silverstein, Mela Lee, Max Mittelman, Carrie Keranen", South Korea,2015,"September 15, 2021",TV-Y7,1 Season,8.044
64,Miraculous: Tales Of Ladybug & Cat Noir,TV Show,"Cristina Vee, Bryce Papenbrook, Keith Silverstein, Mela Lee, Max Mittelman, Carrie Keranen", Japan,2015,"September 15, 2021",TV-Y7,1 Season,8.044
65,Miraculous: Tales Of Ladybug & Cat Noir,TV Show,"Cristina Vee, Bryce Papenbrook, Keith Silverstein, Mela Lee, Max Mittelman, Carrie Keranen", United States,2015,"September 15, 2021",TV-Y7,1 Season,8.044
66,High School Musical: The Musical: The Series,TV Show,"Olivia Rodrigo, Joshua Bassett, Matt Cornett, Sofia Wylie, Larry Saperstein",United States,2019,"November 12, 2019",TV-PG,2 Seasons,8.007
67,Secrets of Wild India,TV Show,David Attenborough,United Kingdom,2012,"June 5, 2020",TV-PG,1 Season,8.0
68,Great Barrier Reef,TV Show,Don Halbert,Unknown,2020,"September 29, 2021",TV-PG,1 Season,8.0
69,The Simpsons,TV Show,"Dan Castellaneta, Julie Kavner, Nancy Cartwright, Yeardley Smith, Hank Azaria, Pamela Hayden",United States,1989,"September 29, 2021",TV-PG,32 Seasons,8.0
70,Wild Russia,TV Show,Liam Teeling,Unknown,2018,"January 15, 2020",TV-PG,1 Season,8.0
71,Big Shot,TV Show,"John Stamos, Jessalyn Gilsig, Yvette Nicole Brown, Richard Robichaux, Sophia Mitri Schloss, Nell Verlaque",Unknown,2021,"April 16, 2021",TV-PG,1 Season,8.0
72,The Muppet Show,TV Show,"Jim Henson, Frank Oz, Dave Goelz, Richard Hunt, Eren Ozker, John Lovelady",United States,1976,"February 19, 2021",TV-PG,5 Seasons,7.984
73,The Muppet Show,TV Show,"Jim Henson, Frank Oz, Dave Goelz, Richard Hunt, Eren Ozker, John Lovelady", United Kingdom,1976,"February 19, 2021",TV-PG,5 Seasons,7.984
74,Sonny With A Chance,TV Show,"Demi Lovato, Tiffany Thornton, Sterling Knight, Brandon Smith, Doug Brochu, Allisyn Arm",United States,2008,"April 3, 2020",TV-G,2 Seasons,7.972
75,X-Men: Evolution,TV Show,"Noel Fisher, Vincent Gale, Christopher Judge, David Kaye, Scott McNeil, Meghan Black",United States,2000,"November 12, 2019",TV-Y7,4 Seasons,7.967
76,Disney Raven's Home,TV Show,"Raven-Symoné , Issac Brown, Navia Robinson, Jason Maybaum, Sky Katz, Anneliese van der Pol",United States,2016,"July 2, 2021",TV-G,4 Seasons,7.96
77,Great Migrations,TV Show,Alec Baldwin,United States,2010,"November 12, 2019",TV-PG,1 Season,7.958
78,Walt Disney Animation Studios: Short Circuit Experimental Films,TV Show,Unknown,Unknown,2020,"August 4, 2021",PG,2 Seasons,7.95
79,Hawkeye,TV Show,"Jeremy Renner, Hailee Steinfeld, Vera Farmiga, Fra Fee, Tony Dalton, Zahn McClarnon",Unknown,2021,"November 24, 2021",TV-14,1 Season,7.945
80,Pair of Kings,TV Show,"Mitchel Musso, Doc Shaw, Kelsey Chow, Ryan Ochoa, Geno Segers",United States,2010,"February 26, 2021",TV-Y7,3 Seasons,7.938
81,Secrets of the Whales,TV Show,"Sigourney Weaver, James Cameron, Brian Skerry",Unknown,2021,"April 22, 2021",TV-PG,1 Season,7.933
82,Soy Luna,TV Show,"Karol Sevilla, Ruggero Pasquarelli, Valentina Zenere, Lucila Gandolfo, Michael Ronda, Carolina Kopelioff",Argentina,2015,"September 18, 2020",TV-G,3 Seasons,7.933
83,Soy Luna,TV Show,"Karol Sevilla, Ruggero Pasquarelli, Valentina Zenere, Lucila Gandolfo, Michael Ronda, Carolina Kopelioff", Mexico,2015,"September 18, 2020",TV-G,3 Seasons,7.933
84,The Suite Life On Deck,TV Show,"Cole Sprouse, Dylan Sprouse, Brenda Song, Debby Ryan, Phill Lewis",United States,2008,"November 12, 2019",TV-G,3 Seasons,7.913
85,One Strange Rock,TV Show,Will Smith,United States,2017,"January 1, 2020",TV-PG,1 Season,7.9
86,The Proud Family,TV Show,"Tommy Davidson, Paula Parker, Jo Payton, Kyla Pratt, Tara Strong, Karen White",United States,2001,"January 1, 2020",TV-G,2 Seasons,7.9
87,Secrets Of The Zoo,TV Show,Mocean Melvin,Unknown,2017,"April 2, 2021",TV-PG,4 Seasons,7.9
88,Good Luck Charlie,TV Show,"Bridgit Mendler, Leigh-Allyn Baker, Bradley Perry, Mia Talerico, Eric Kramer, Jason Dolley",United States,2009,"November 12, 2019",TV-G,4 Seasons,7.897
89,Bia,TV Show,"Isabela Souza, Giulia Guerrini, Julio Peña, Guido Messina, Andrea de Alba, Agustina Palma",Argentina,2019,"November 20, 2020",TV-G,1 Season,7.891
90,Phineas and Ferb,TV Show,"Vincent Martella, Ashley Tisdale, Thomas Sangster, Caroline Rhea, Alyson Stoner, Mitchel Musso",United States,2007,"November 12, 2019",TV-G,4 Seasons,7.86
91,Phineas and Ferb,TV Show,"Vincent Martella, Ashley Tisdale, Thomas Sangster, Caroline Rhea, Alyson Stoner, Mitchel Musso", South Korea,2007,"November 12, 2019",TV-G,4 Seasons,7.86
92,Phineas and Ferb,TV Show,"Vincent Martella, Ashley Tisdale, Thomas Sangster, Caroline Rhea, Alyson Stoner, Mitchel Musso", China,2007,"November 12, 2019",TV-G,4 Seasons,7.86
93,Phineas and Ferb,TV Show,"Vincent Martella, Ashley Tisdale, Thomas Sangster, Caroline Rhea, Alyson Stoner, Mitchel Musso", Taiwan,2007,"November 12, 2019",TV-G,4 Seasons,7.86
94,Big City Greens,TV Show,"Chris Houghton, Marieve Herington, Bob Joles, Artemis Pebdani",United States,2017,"May 21, 2021",TV-Y7,2 Seasons,7.829
95,Big City Greens,TV Show,"Chris Houghton, Marieve Herington, Bob Joles, Artemis Pebdani", South Korea,2017,"May 21, 2021",TV-Y7,2 Seasons,7.829
96,American Dragon: Jake Long,TV Show,"Dante Basco, Jeff Bennett, Amy Bruckner, John DiMaggio, Charlie Finn, Kittie",United States,2004,"February 26, 2021",TV-Y7,2 Seasons,7.811
97,Disney Vampirina,TV Show,"Isabella Crovetti, Lauren Graham, James Van Der Beek, Jordan Davis, Wanda Sykes, Mitchell Whitfield",Ireland,2017,"September 29, 2021",TV-Y7,3 Seasons,7.81
98,Disney Vampirina,TV Show,"Isabella Crovetti, Lauren Graham, James Van Der Beek, Jordan Davis, Wanda Sykes, Mitchell Whitfield", United States,2017,"September 29, 2021",TV-Y7,3 Seasons,7.81
99,The Ghost and Molly McGee,TV Show,"Ashly Burch, Dana Snyder",United States,2021,"October 6, 2021",TV-Y7,1 Season,7.81
100,Alaska Animal Rescue,TV Show,Victoria Vosburg,United States,2019,"September 1, 2021",TV-PG,2 Seasons,7.8
101,Gordon Ramsay: Uncharted,TV Show,Gordon Ramsay,United States,2018,"June 4, 2021",TV-14,3 Seasons,7.8
102,Spider-Woman,TV Show,"Joan Ark, Bruce Miller, Bryan Scott, Lou Krugman, Dick Tufeld",United States,1979,"November 12, 2019",TV-Y7,1 Season,7.8
103,Mickey Mouse Mixed-Up Adventures,TV Show,"Bret Iwan, Russi Taylor, Bill Farmer, Daniel Ross, Tress MacNeile",United States,2019,"July 7, 2021",TV-Y,1 Season,7.8
104,Dinosaurs,TV Show,Unknown,United States,1991,"January 29, 2021",TV-PG,4 Seasons,7.782
105,Party Animals,TV Show,Unknown,Unknown,2016,"November 27, 2020",TV-G,1 Season,7.75
106,Zenimation,TV Show,Unknown,United States,2020,"June 11, 2021",TV-G,2 Seasons,7.75
107,The Lodge,TV Show,"Sophie Simnett, Luke Newton, Thomas Doherty, Bethan Wright, Jayden Revri, Jade Alleyne",United Kingdom,2016,"January 15, 2020",TV-G,2 Seasons,7.75
108,Mighty Med,TV Show,"Bradley Perry, Jake Short, Paris Berelc, Devan Leos",United States,2013,"June 12, 2020",TV-Y7,2 Seasons,7.746
109,Star Wars Vintage: Clone Wars 2D Micro-Series,TV Show,"Mat Lucas, James Arnold Taylor, Tom Kane, Grey DeLisle, Corey Burton, André Sogliuzzo",Unknown,2021,"April 2, 2021",TV-Y7-FV,1 Season,7.728
110,Disney's The Emperor's New School,TV Show,"Shane Baumel, Jessica DiCicco, Wendie Malick, Fred Tatasciore, Jeff Bennett, Jessie Flower",United States,2005,"November 12, 2019",TV-G,2 Seasons,7.72
111,Disney's The Little Mermaid (Series),TV Show,"Jodi Benson, Samuel Wright, Ken Mars, Edan Gross",United States,1992,"November 12, 2019",TV-Y7,3 Seasons,7.72
112,Disney's Recess,TV Show,"Rickey Collins, Jason Davis, Ashley Johnson, Ross Malinger, Courtland Mead, Pamela Segall",United States,1997,"November 12, 2019",TV-Y7,3 Seasons,7.72
113,The Suite Life of Zack & Cody,TV Show,"Cole Sprouse, Dylan Sprouse, Brenda Song, Ashley Tisdale, Phill Lewis, Kim Rhodes",United States,2004,"November 12, 2019",TV-G,3 Seasons,7.716
114,Disney Mech-X4,TV Show,"Nathaniel Potvin, Raymond Cham, Kamran Lucas, Pearce Joza",Canada,2016,,TV-Y7,2 Seasons,7.714
115,Disney Kirby Buckets,TV Show,"Jacob Bertrand, Mekai Curtis, Cade Sutton, Olivia Stuck, Tiffany Espensen",United States,2014,,TV-Y7,3 Seasons,7.714
116,Smart Guy,TV Show,"Tahj Mowry, John Jones, Jason Weaver, Essence Atkins",United States,1996,"October 1, 2019",TV-G,3 Seasons,7.714
117,On Pointe,TV Show,Unknown,United States,2020,"December 18, 2020",TV-PG,1 Season,7.714
118,The Mysterious Benedict Society,TV Show,"Tony Hale, Kristen Schaal, Mystic Inscho, Seth Carr, Marta Kessler, Emmy DeOliveira",United States,2021,"June 25, 2021",TV-PG,1 Season,7.707
119,Shake It Up,TV Show,"Bella Thorne, Zendaya , Davis Cleveland, Roshon Fegan, Adam Irigoyen, Kenton Duty",United States,2010,"November 12, 2019",TV-G,3 Seasons,7.701
120,"Doogie Kamealoha, M.D.",TV Show,"Peyton Elizabeth Lee, Emma Meisel, Matthew Sato, Wes Tian, Jeffrey Bowyer-Chapman, Mapuana Makia",United States,2021,"September 8, 2021",TV-PG,1 Season,7.7
121,Disney Prop Culture,TV Show,Daniel Lanigan,United States,2020,"May 1, 2020",TV-PG,1 Season,7.7
122,Apollo: Back To The Moon,TV Show,"Bill Anders, Jack Clemons, Fred Haise, Glynn Lunney, Jay Barbree, Brad Vinikow",Unknown,2019,"October 13, 2021",TV-PG,1 Season,7.7
123,The Falcon and The Winter Soldier,TV Show,"Anthony Mackie, Sebastian Stan, Daniel Brühl, Emily VanCamp, Wyatt Russell",Unknown,2021,"March 19, 2021",TV-14,1 Season,7.7
124,Hostile Planet,TV Show,Bear Grylls,United States,2019,"November 12, 2019",TV-PG,1 Season,7.692
125,Star Wars Rebels,TV Show,"Taylor Gray, Vanessa Marshall, Freddie Prinze Jr., Tiya Sircar, Steve Blum, C1-10P a.k.a. ""Chopper""",United States,2014,"November 12, 2019",TV-Y7,4 Seasons,7.686
126,Star Wars Rebels (Shorts),TV Show,Unknown,Unknown,2014,"November 12, 2019",TV-Y7,1 Season,7.686
127,Marvel Ultimate Spider-Man,TV Show,"Drake Bell, Chi McBride, Steven Weber, J.K. Simmons, Tom Kenny, Clark Gregg",United States,2011,"November 12, 2019",TV-Y7,4 Seasons,7.667
128,The Super Hero Squad,TV Show,"Grey DeLisle, Steve Blum, Mikey Kelly, Charlie Adler, Mark Hamill, Tom Kenny",United States,2009,"January 1, 2020",TV-Y7,2 Seasons,7.652
129,Wolverine and The X-Men,TV Show,"Steve Blum, Chris Edgerly, Jennifer Hale, Michael Ironside, Danielle Judovits, AJ Buckley",United States,2008,"November 12, 2019",TV-Y7,1 Season,7.621
130,Marvel's Guardians of the Galaxy (Series),TV Show,"Will Friedle, Trevor Devall, Kevin Richardson, Vanessa Marshall, David Sobolov",United States,2015,"November 12, 2019",TV-Y7,3 Seasons,7.615
131,Marvel's Avengers Assemble,TV Show,"Adrian Pasdar, Fred Tatasciore, Roger Smith, Travis Willingham, Troy Baker, Bumper Robinson",United States,2012,"November 12, 2019",TV-Y7,5 Seasons,7.615
132,Marvel's Avengers: Secret Wars (Shorts),TV Show,Unknown,Unknown,2016,"November 12, 2019",TV-Y7,1 Season,7.615
133,Disney Channel Games 2008,TV Show,Unknown,Unknown,2008,"February 26, 2021",TV-G,1 Season,7.6
134,Primal Survivor,TV Show,Hazen Audel,United States,2014,"April 16, 2021",TV-PG,5 Seasons,7.6
135,Dog: Impossible,TV Show,Matt Beisner,United States,2019,"September 22, 2021",TV-PG,2 Seasons,7.6
136,Car SOS,TV Show,Unknown,United Kingdom,2012,"February 26, 2021",TV-PG,8 Seasons,7.6
137,The New Adventures of Winnie the Pooh,TV Show,"Jim Cummings, Paul Winchell, John Fiedler, Ken Sansome, Tim Hoskins, Patty Paris",United States,1988,"November 12, 2019",TV-Y,4 Seasons,7.6
138,Mickey Mouse Funhouse,TV Show,"Bret Iwan, Kaitlyn Robrock, Bill Farmer, Tony Anselmo, Tress MacNeille, Harvey Guillén",United States,2021,"July 28, 2021",TV-Y,1 Season,7.6
139,DuckTales,TV Show,"David Tennant, Danny Pudi, Ben Schwartz, Bobby Moynihan, Kate Micucci, Tony Anselmo",United States,2017,"April 30, 2021",TV-Y7,3 Seasons,7.586
140,Mission Force One,TV Show,"Justin Felbinger, Fiona Bishop, Ivy Bishop, Issac Ryan Brown, Sam Lavagnino, Dee Bradley Baker",Unknown,2017,"July 21, 2021",TV-Y,1 Season,7.583
141,Miles From Tomorrowland,TV Show,"Olivia Munn, Cullen McCarthy, Fiona Bishop, Dee Baker, Tom Kenny",United States,2014,"December 1, 2019",TV-Y,2 Seasons,7.583
142,Disney Mickey and the Roadster Racers - Chip 'N' Dale's Nutty Tales (Shorts),TV Show,"Tress MacNeille, Corey Burton, Bret Iwan, Russi Taylor, Bill Farmer, Daniel Ross",Unknown,2017,"April 17, 2020",TV-Y,2 Seasons,7.574
143,Brain Games,TV Show,Neil Harris,United States,2011,"April 17, 2020",TV-G,8 Seasons,7.574
144,Schoolhouse Rock!,TV Show,"Bob Dorough, Jack Sheldon, Lynn Ahrens, Grady Tate, Blossom Dearie, Essra Mohawk",United States,1973,"May 17, 2021",TV-G,6 Seasons,7.556
145,Disney Special Agent Oso: Three Healthy Steps (Shorts),TV Show,"Sean Astin, Meghan Strange, Phill Lewis, Amber Hood, Brad Garrett",Unknown,2011,"May 14, 2021",TV-Y,1 Season,7.556
146,Disney's Kim Possible,TV Show,"Christy Romano, Will Friedle, Nancy Cartwright, Tahj Mowry",United States,2001,"November 12, 2019",TV-G,4 Seasons,7.539
147,Disney's Kim Possible,TV Show,"Christy Romano, Will Friedle, Nancy Cartwright, Tahj Mowry", Philippines,2001,"November 12, 2019",TV-G,4 Seasons,7.539
148,Disney's Kim Possible,TV Show,"Christy Romano, Will Friedle, Nancy Cartwright, Tahj Mowry", South Korea,2001,"November 12, 2019",TV-G,4 Seasons,7.539
149,Disney's Mighty Ducks,TV Show,"James Belushi, Brad Garrett, Jeff Bennett, Jennifer Hale, Clancy Brown, Tony Jay",United States,1996,"November 12, 2019",TV-Y7,1 Season,7.539
150,Disney's Little Einsteins,TV Show,"Erica Huang, Aiden Pompey, Jesse Schwartz, Natalia Wojcik",United States,2005,"November 12, 2019",TV-Y,2 Seasons,7.539
151,Wander Over Yonder,TV Show,"Jack McBrayer, April Winchell, Keith Ferguson, Tom Kenny",United States,2013,"May 7, 2021",TV-Y7,2 Seasons,7.537
152,Wander Over Yonder,TV Show,"Jack McBrayer, April Winchell, Keith Ferguson, Tom Kenny", Canada,2013,"May 7, 2021",TV-Y7,2 Seasons,7.537
153,Wander Over Yonder,TV Show,"Jack McBrayer, April Winchell, Keith Ferguson, Tom Kenny", Ireland,2013,"May 7, 2021",TV-Y7,2 Seasons,7.537
154,Marvel's Ant-Man (Shorts),TV Show,Unknown,United States,2016,"November 12, 2019",TV-Y7,1 Season,7.536
155,Marvel's Agent Carter,TV Show,"Hayley Atwell, James D'Arcy, Chad Murray, Enver Gjokaj, Shea Whigham",United States,2014,"November 12, 2019",TV-14,2 Seasons,7.536
156,Chip 'n Dale's Rescue Rangers,TV Show,"Corey Burton, Peter Cullen, Jim Cummings, Tress MacNeille",United States,1989,"November 12, 2019",TV-G,1 Season,7.532
157,Chip 'n Dale's Rescue Rangers,TV Show,"Corey Burton, Peter Cullen, Jim Cummings, Tress MacNeille", Taiwan,1989,"November 12, 2019",TV-G,1 Season,7.532
158,Chip 'n Dale's Rescue Rangers,TV Show,"Corey Burton, Peter Cullen, Jim Cummings, Tress MacNeille", South Korea,1989,"November 12, 2019",TV-G,1 Season,7.532
159,Chip 'n Dale's Rescue Rangers,TV Show,"Corey Burton, Peter Cullen, Jim Cummings, Tress MacNeille", China,1989,"November 12, 2019",TV-G,1 Season,7.532
160,Chip 'n Dale's Rescue Rangers,TV Show,"Corey Burton, Peter Cullen, Jim Cummings, Tress MacNeille", Japan,1989,"November 12, 2019",TV-G,1 Season,7.532
161,Chip 'n Dale's Rescue Rangers,TV Show,"Corey Burton, Peter Cullen, Jim Cummings, Tress MacNeille", United Kingdom,1989,"November 12, 2019",TV-G,1 Season,7.532
162,Fantastic Four: World's Greatest Heroes,TV Show,"Christopher Jacot, Hiro Kanagawa, Lara Gilchrist, Brian Dobson",United States,2007,"November 12, 2019",TV-Y7,1 Season,7.526
163,Tron Uprising,TV Show,"Elijah Wood, Bruce Boxleitner, Emmanuelle Chriqui, Mandy Moore, Nate Corddry, Lance Henriksen",United States,2011,"April 14, 2020",TV-Y7,1 Season,7.522
164,The Wonderful World of Mickey Mouse,TV Show,"Chris Diamantopoulos, Kaitlyn Robrock, Bill Farmer, Tony Anselmo, Tress MacNeille",United States,2020,"November 18, 2020",TV-G,1 Season,7.522
165,Disney Playtime with Puppy Dog Pals (Shorts),TV Show,Unknown,Unknown,2017,"April 10, 2020",TV-Y,2 Seasons,7.522
166,Meet The Chimps,TV Show,Jane Lynch,United States,2020,"October 16, 2020",TV-PG,1 Season,7.5
167,Ice Road Rescue,TV Show,"David Wartnaby, Bjørn Lægreid, Thord Paulsen",United Kingdom,2015,"May 21, 2021",TV-14,5 Seasons,7.5
168,Drain The Oceans: The Mississippi River & Arctic War,TV Show,Kerry Shale,Unknown,2021,"October 6, 2021",TV-14,1 Season,7.5
169,Made in a Day,TV Show,Craig Whitney,United States,2020,"April 2, 2021",TV-PG,1 Season,7.5
170,Disney Intertwined,TV Show,"Carolina Domenech, José Jiménez Zapiola, Kevsho, Elena Roger, Clara Alonso, Emilia Mernes",Unknown,2021,"November 12, 2021",TV-PG,1 Season,7.5
171,Drain the Oceans,TV Show,Russell Boulter,United Kingdom,2017,"October 6, 2021",TV-PG,4 Seasons,7.5
172,Drain the Oceans,TV Show,Russell Boulter, Australia,2017,"October 6, 2021",TV-PG,4 Seasons,7.5
173,Wild Yellowstone,TV Show,Bart Thomasson,Germany,2015,"November 12, 2019",TV-PG,1 Season,7.5
174,Life Below Zero,TV Show,"Chip Hailstone, Agnes Hailstone, Sue Aikens, Andy Bassich",United States,2012,"September 15, 2021",TV-14,16 Seasons,7.5
175,Marvel's 616,TV Show,Unknown,United States,2020,"November 20, 2020",TV-14,1 Season,7.5
176,Iron Man Armored Adventures,TV Show,"Adrian Petriw, Daniel Bacon, Anna Cummer, Mackenzie Gray, Vincent Tong",Canada,2008,"November 12, 2019",TV-G,2 Seasons,7.5
177,Iron Man Armored Adventures,TV Show,"Adrian Petriw, Daniel Bacon, Anna Cummer, Mackenzie Gray, Vincent Tong", United States,2008,"November 12, 2019",TV-G,2 Seasons,7.5
178,Iron Man Armored Adventures,TV Show,"Adrian Petriw, Daniel Bacon, Anna Cummer, Mackenzie Gray, Vincent Tong", United Kingdom,2008,"November 12, 2019",TV-G,2 Seasons,7.5
179,Iron Man Armored Adventures,TV Show,"Adrian Petriw, Daniel Bacon, Anna Cummer, Mackenzie Gray, Vincent Tong", France,2008,"November 12, 2019",TV-G,2 Seasons,7.5
180,Iron Man Armored Adventures,TV Show,"Adrian Petriw, Daniel Bacon, Anna Cummer, Mackenzie Gray, Vincent Tong", Luxembourg,2008,"November 12, 2019",TV-G,2 Seasons,7.5
181,Gabby Duran And The Unsittables,TV Show,"Kylie Cantrall, Maxwell Donovan, Callan Farris, Coco Christo, Valery Ortiz, Nathan Lovejoy",United States,2018,"August 11, 2021",TV-G,2 Seasons,7.476
182,Marvel's Runaways,TV Show,"Rhenzy Feliz, Lyrica Okano, Virginia Gardner, Ariela Barer, Gregg Sulkin, Allegra Acosta",United States,2017,"January 10, 2020",TV-14,3 Seasons,7.47
183,Tangled: The Series,TV Show,"Zachary Levi, Mandy Moore, Eden Espinosa, Clancy Brown",United States,2016,"April 23, 2020",TV-Y7,3 Seasons,7.446
184,Magic of Disney's Animal Kingdom,TV Show,Josh Gad,United Kingdom,2020,"September 25, 2020",TV-PG,1 Season,7.444
185,Marvel Studios LEGENDS,TV Show,Unknown,United States,2021,"January 8, 2021",TV-14,1 Season,7.421
186,Silver Surfer,TV Show,"Paul Essiembre, James Blendick, Robert Bockstael, Jennifer Daley, Colin Fox",United States,1997,"November 12, 2019",TV-Y7,1 Season,7.403
187,Silver Surfer,TV Show,"Paul Essiembre, James Blendick, Robert Bockstael, Jennifer Daley, Colin Fox", Canada,1997,"November 12, 2019",TV-Y7,1 Season,7.403
188,Dug Days,TV Show,"Bob Peterson, Ed Asner, Jordan Nagai",United States,2021,"September 1, 2021",TV-PG,1 Season,7.4
189,Disney Just Roll With It,TV Show,"Ramon Reed, Kaylin Hayman, Suzi Barrett, Tobie Windham",United States,2018,"June 18, 2021",TV-Y7,2 Seasons,7.4
190,Muppet Moments (Shorts),TV Show,Unknown,United States,2014,"November 12, 2019",TV-Y7,1 Season,7.4
191,Dino Ranch,TV Show,"Tyler Nathan, Jacob Mazeral, Ava Ro, Scott Gorman, Athena Karkanis",Canada,2021,"June 18, 2021",TV-Y,1 Season,7.4
192,Mickey Mouse (Shorts),TV Show,Unknown,United States,2012,"November 12, 2019",TV-G,5 Seasons,7.4
193,Mickey Mouse Club (1955-59),TV Show,Unknown,United States,1955,"November 12, 2019",TV-PG,1 Season,7.4
194,Spider-Man Unlimited,TV Show,"Rino Romano, Kathleen Barr, Jim Byrnes, Garry Chalk, Paul Dobson",United States,1999,"November 12, 2019",TV-Y7,1 Season,7.4
195,Spider-Man Unlimited,TV Show,"Rino Romano, Kathleen Barr, Jim Byrnes, Garry Chalk, Paul Dobson", Canada,1999,"November 12, 2019",TV-Y7,1 Season,7.4
196,Behind the Attraction,TV Show,Paget Brewster,Unknown,2021,"July 21, 2021",TV-PG,1 Season,7.4
197,Disney's Adventures Of The Gummi Bears,TV Show,"Bill Scott, Christian Jacobs, Brett Johnson, David Faustino, Paul Winchell, Jason Marsden",United States,1985,"November 12, 2019",TV-Y7,6 Seasons,7.386
198,Spidey And His Amazing Friends,TV Show,"Benjamin Valic, Lily Sanfelippo, Jakari Fraser, Dee Bradley Baker, Melanie Minichino",United States,2021,"September 22, 2021",TV-Y,1 Season,7.374
199,Spider-Man and His Amazing Friends,TV Show,"Hans Conried, Jerry Dexter, George DiCenzo, Alan Dinehart, Walker Edminston, Michael Evans",United States,1982,"November 12, 2019",TV-Y7,1 Season,7.353
200,Marvel Studios ASSEMBLED,TV Show,Unknown,Unknown,2021,"March 12, 2021",Unknown,1 Season,7.35
201,Disney Gallery / Star Wars: The Mandalorian,TV Show,"Jon Favreau, Dave Filoni, Pedro Pascal, Bryce Howard, Taika Waititi, Carl Weathers",United States,2020,"December 25, 2020",TV-PG,2 Seasons,7.343
202,Lizzie McGuire,TV Show,"Hilary Duff, Lalaine , Adam Lamberg, Jake Thomas, Hallie Todd, Robert Carradine",United States,2000,"November 12, 2019",TV-G,2 Seasons,7.337
203,Once Upon a Time,TV Show,"Ginnifer Goodwin, Jennifer Morrison, Robert Carlyle, Lana Parrilla, Jared Gilmore, Josh Dallas",United States,2011,"September 18, 2020",TV-PG,7 Seasons,7.316
204,Supercar Megabuild,TV Show,Dom Joly,United States,2016,"December 1, 2019",TV-PG,2 Seasons,7.313
205,Disney K.C. Undercover,TV Show,"Zendaya , Veronica Dunne, Kamil McFadden, Tammy Townsend, Kadeem Hardison",United States,2014,"November 12, 2019",TV-Y7,3 Seasons,7.3
206,Disney Lab Rats: Elite Force,TV Show,"William Brent, Bradley Perry, Jake Short, Paris Berelc, Kelli Berglund",United States,2015,"November 12, 2019",TV-Y7,1 Season,7.3
207,Disney Legend of the Three Caballeros,TV Show,"Tony Anselmo, Jaime Camil, Eric Bauza, Grey Griffin, Wayne Knight, Kevin Richardson",United States,2017,"November 12, 2019",TV-G,1 Season,7.3
208,Disney Junior Music Nursery Rhymes,TV Show,Unknown,Unknown,2017,"November 12, 2019",TV-Y,2 Seasons,7.3
209,Earth Moods,TV Show,Unknown,Unknown,2021,"April 16, 2021",TV-G,1 Season,7.3
210,101 Dalmatian Street,TV Show,"Josh Brener, Michaela Dietz, Ella Kenion, Rhashan Stone",United Kingdom,2018,"February 28, 2020",TV-Y7,1 Season,7.3
211,101 Dalmatian Street,TV Show,"Josh Brener, Michaela Dietz, Ella Kenion, Rhashan Stone", United States,2018,"February 28, 2020",TV-Y7,1 Season,7.3
212,101 Dalmatian Street,TV Show,"Josh Brener, Michaela Dietz, Ella Kenion, Rhashan Stone", Canada,2018,"February 28, 2020",TV-Y7,1 Season,7.3
213,Disney Descendants Wicked World (Shorts),TV Show,Unknown,United States,2015,"November 12, 2019",TV-G,2 Seasons,7.265
214,Disney Bizaardvark,TV Show,"Madison Hu, Olivia Rodrigo, Jake Paul, DeVore Ledridge, Ethan Wacker",United States,2015,"November 12, 2019",TV-PG,3 Seasons,7.265
215,Disney DuckTales (Shorts),TV Show,Unknown,Unknown,2016,"November 12, 2019",TV-Y7,1 Season,7.265
216,Darkwing Duck,TV Show,"Jim Cummings, Christine Cavanaugh, Terry McGovern, Frank Welker",United States,1991,"November 12, 2019",TV-Y7,2 Seasons,7.265
217,Disney Evermoor,TV Show,"Naomi Sequeira, Jordan Loughran, Belinda Stewart-Wilson, Dan Fredenburgh, George Sear, Georgie Farmer",Unknown,2017,"November 12, 2019",TV-PG,1 Season,7.265
218,Pixar Popcorn,TV Show,"Ellen DeGeneres, Craig T. Nelson, Holly Hunter, Keegan-Michael Key, Jordan Peele",United States,2021,"January 22, 2021",TV-PG,1 Season,7.263
219,Encore!,TV Show,"Kristen Bell, Roger Love, Susan Egan, Ali Stroker, Stephen Schwartz",United States,2019,"November 12, 2019",TV-14,1 Season,7.26
220,It's a Dog's Life with Bill Farmer,TV Show,Bill Farmer,United States,2020,"May 15, 2020",TV-PG,1 Season,7.25
221,Prairie Dog Manor,TV Show,Kevin Conway,United States,2019,"May 1, 2020",TV-PG,1 Season,7.25
222,America's National Parks,TV Show,C.T. Taylor,United States,2015,"January 15, 2020",TV-14,1 Season,7.25
223,Iron Man (Series),TV Show,"Robert Hays, James Avery, Ed Gilbert, Jim Cummings, Tony Steedman, James Warwick",United States,1994,"November 12, 2019",TV-Y7,1 Season,7.244
224,The Right Stuff,TV Show,"Jake McDorman, Patrick Adams, Colin O’Donoghue, Eloise Mumford, James Lafferty, Nora Zehetner",United States,2020,"October 9, 2020",TV-14,1 Season,7.236
225,Timon & Pumbaa,TV Show,"Quinton Flynn, Ernie Sabella, Jim Cummings, Nathan Lane",United States,1995,"November 12, 2019",TV-Y,3 Seasons,7.234
226,Super Robot Monkey Team Hyperforce Go!,TV Show,"Greg Cipes, Kevin Michael	Richardson, Tom Kenny, Kari Wahlgren, Clancy Brown, Corey Feldman",United States,2004,"July 17, 2020",TV-Y7,2 Seasons,7.233
227,Super Robot Monkey Team Hyperforce Go!,TV Show,"Greg Cipes, Kevin Michael	Richardson, Tom Kenny, Kari Wahlgren, Clancy Brown, Corey Feldman", Japan,2004,"July 17, 2020",TV-Y7,2 Seasons,7.233
228,Marvel's Guardians of the Galaxy (Shorts),TV Show,Unknown,Unknown,2014,"November 12, 2019",TV-Y7,2 Seasons,7.224
229,Origins: The Journey of Humankind,TV Show,"Mark Monroe, Jason Silva",United States,2016,"November 12, 2019",TV-14,1 Season,7.222
230,Disney's Doug,TV Show,"Connie Shulman, Doug Preis, Alice Playten, Chris Phillips, Fred Newman, Thomas McHugh",United States,1996,"November 12, 2019",TV-Y7,3 Seasons,7.213
231,Disney's Hercules: The Animated Series,TV Show,"Tate Donovan, Sandra Bernhard, Robert Costanzo, Matt Frewer, Bobcat Goldthwait, French Stewart",United States,1998,"November 12, 2019",TV-Y7,1 Season,7.213
232,Fantastic Four (Series),TV Show,"Beau Weaver, Lori Alan, Chuck McCann, Brian Green, Stan Lee, Pauline Lomas",United States,1994,"November 12, 2019",TV-Y7,1 Season,7.202
233,Hannah Montana,TV Show,"Miley Cyrus, Emily Osment, Mitchel Musso, Jason Earles, Billy Cyrus",United States,2005,"November 12, 2019",TV-G,4 Seasons,7.202
234,Even Stevens,TV Show,"Shia LaBeouf, Christy Romano, Nick Spano, Tom Virtue, Donna Pescow",United States,2000,"November 12, 2019",TV-PG,3 Seasons,7.202
235,Star Wars: Visions,TV Show,Unknown,Unknown,2021,"September 22, 2021",TV-PG,1 Season,7.2
236,Kingdom of the White Wolf,TV Show,Jenny Jules,United States,2019,"November 12, 2019",TV-PG,1 Season,7.2
237,Fairy Tale Weddings,TV Show,"Stephen Boss, Allison Holker",United States,2017,"February 14, 2020",TV-PG,2 Seasons,7.2
238,"Heartland Docs, DVM",TV Show,"Dr. Erin Schroeder, Dr. Ben Schroeder",United States,2019,"June 18, 2021",TV-14,3 Seasons,7.2
239,Olaf Presents,TV Show,Josh Gad,Unknown,2021,"November 12, 2021",TV-PG,1 Season,7.2
240,Disney Amphibia,TV Show,"Justin Felbinger, Amanda Leighton, Bill Farmer, Brenda Song",United States,2018,"November 3, 2021",TV-Y7,3 Seasons,7.2
241,Disney Amphibia,TV Show,"Justin Felbinger, Amanda Leighton, Bill Farmer, Brenda Song", South Korea,2018,"November 3, 2021",TV-Y7,3 Seasons,7.2
242,Turner & Hooch,TV Show,"Josh Peck, Carra Patterson, Lyndsy Fonseca, Vanessa Lengies, Brandon Jay Mclaren, Anthony Ruivivar",Unknown,2021,"July 21, 2021",TV-PG,1 Season,7.2
243,Secrets Of The Zoo: Down Under,TV Show,Naomi Watts,Unknown,2020,"October 13, 2021",TV-14,2 Seasons,7.2
244,Just Beyond,TV Show,"Mckenna Grace, Lexi Underwood, Cedric Joe, Tim Heidecker, Riki Lindhome, Nasim Pedrad",Unknown,2021,"October 13, 2021",TV-PG,1 Season,7.192
245,The Incredible Hulk,TV Show,"Neal McDonough, John Vernon, Luke Perry, Lou Ferrigno, Genie Francis",United States,1996,"May 10, 2021",TV-Y7,2 Seasons,7.19
246,That's So Raven,TV Show,"Raven , Orlando Brown, Kyle Massey, Anneliese van der Pol, T’Keyah Keymáh, Rondell Sheridan",United States,2002,"February 8, 2020",TV-G,4 Seasons,7.183
247,Monsters at Work,TV Show,"Billy Crystal, John Goodman, Ben Feldman, Mindy Kaling, Henry Winkler, Lucas Neff",United States,2021,"July 7, 2021",TV-G,1 Season,7.174
248,Europe from Above,TV Show,Julian Barratt,United Kingdom,2019,"September 18, 2020",TV-G,1 Season,7.167
249,Port Protection Alaska,TV Show,"Gary Muehlberger, Mary Miller, Curly Leach, Sam Carlson, Stuart Andrews, David Squibb",United States,2015,"November 24, 2021",TV-14,2 Seasons,7.143
250,Diary of a Future President,TV Show,"Tess Romero, Selenis Leyva, Charlie Bushnell, Michael Weaver",United States,2020,"January 17, 2020",TV-PG,2 Seasons,7.13
251,So Random!,TV Show,"Tiffany Thornton, Sterling Knight, Brandon Mychal Smith, Doug Brochu, Allisyn Ashley Arm",United States,2011,"July 14, 2021",TV-G,1 Season,7.118
252,TaleSpin,TV Show,"Charlie Adler, Jim Cummings, Ed Gilbert, Chuck McCann, Alan Roberts, Sally Struthers",United States,1990,"November 12, 2019",TV-G,1 Season,7.11
253,Wicked Tuna,TV Show,Mike Rowe,United States,2016,"May 28, 2021",TV-14,10 Seasons,7.1
254,Phil of the Future,TV Show,"Ricky Ullman, Amy Bruckner, Craig Anton, Lise Simms, Alyson Michalka",United States,2003,"November 12, 2019",TV-G,2 Seasons,7.1
255,LEGO Star Wars: The Freemaker Adventures (Shorts),TV Show,Unknown,Unknown,2016,"November 12, 2019",TV-Y7,1 Season,7.1
256,LEGO Star Wars: The Freemaker Adventures,TV Show,"Matt Sloan, Trevor Devall, Greg Baldwin, Michael Daingerfield, Vanessa Lengies, Grey Griffin",United States,2015,"November 12, 2019",TV-Y7,2 Seasons,7.1
257,Running Wild with Bear Grylls,TV Show,Bear Grylls,United States,2019,"June 25, 2021",TV-PG,2 Seasons,7.1
258,Pick of the Litter,TV Show,Unknown,United States,2019,"December 20, 2019",TV-PG,1 Season,7.0
259,Henry Hugglemonster,TV Show,"Lara Miller, Tom Kenny, Chiara Zanni, Lori Alan, Hynden Walch, Kari Wahlgren",Ireland,2012,"December 1, 2019",TV-Y,2 Seasons,7.0
260,Henry Hugglemonster,TV Show,"Lara Miller, Tom Kenny, Chiara Zanni, Lori Alan, Hynden Walch, Kari Wahlgren", United Kingdom,2012,"December 1, 2019",TV-Y,2 Seasons,7.0
261,Henry Hugglemonster,TV Show,"Lara Miller, Tom Kenny, Chiara Zanni, Lori Alan, Hynden Walch, Kari Wahlgren", United States,2012,"December 1, 2019",TV-Y,2 Seasons,7.0
262,Henry Hugglemonster,TV Show,"Lara Miller, Tom Kenny, Chiara Zanni, Lori Alan, Hynden Walch, Kari Wahlgren", South Korea,2012,"December 1, 2019",TV-Y,2 Seasons,7.0
263,Henry Hugglemonster,TV Show,"Lara Miller, Tom Kenny, Chiara Zanni, Lori Alan, Hynden Walch, Kari Wahlgren", Canada,2012,"December 1, 2019",TV-Y,2 Seasons,7.0
264,Disney Insider,TV Show,Unknown,United States,2020,"March 20, 2020",TV-PG,1 Season,7.0
265,Marvel's Rocket & Groot (Shorts),TV Show,Unknown,Unknown,2016,"November 12, 2019",TV-Y7,1 Season,7.0
266,Buried Secrets Of The Bible With Albert Lin,TV Show,Albert Lin,Unknown,2019,"May 1, 2020",TV-PG,1 Season,7.0
267,Once Upon a Time in Wonderland,TV Show,"Sophie Lowe, Michael Socha, Peter Gadiot, Emma Rigby, Naveen Andrews, John Lithgow",Canada,2013,"November 27, 2020",TV-PG,1 Season,7.0
268,Once Upon a Time in Wonderland,TV Show,"Sophie Lowe, Michael Socha, Peter Gadiot, Emma Rigby, Naveen Andrews, John Lithgow", United States,2013,"November 27, 2020",TV-PG,1 Season,7.0
269,Disney Vampirina Ghoul Girls Rock! (Shorts),TV Show,"Isabella Crovetti, Jordan Davis, ViviAnn Yee, Mitchell Whitfield, Wanda Sykes, Ian Corlett",Unknown,2017,"March 20, 2020",TV-Y7,2 Seasons,7.0
270,Higglytown Heroes,TV Show,"Frankie Ryan Manriquez, Taylor Masamitsu, Liliana Mumy, Rory Thost, Edie McClurg",United States,2004,"April 2, 2021",TV-Y,2 Seasons,7.0
271,Higglytown Heroes,TV Show,"Frankie Ryan Manriquez, Taylor Masamitsu, Liliana Mumy, Rory Thost, Edie McClurg", South Korea,2004,"April 2, 2021",TV-Y,2 Seasons,7.0
272,Breaking Bobby Bones,TV Show,Bobby Bones,United States,2021,"July 7, 2021",TV-14,1 Season,7.0
273,Shark Attack Files,TV Show,Unknown,Unknown,2021,"July 16, 2021",TV-14,1 Season,7.0
274,Dog With a Blog,TV Show,"G Hannelius, Blake Michael, Francesca Capaldi, Stephen Full, Regan Burns, Beth Littleford",United States,2012,"February 26, 2021",TV-G,3 Seasons,6.995
275,Into the Unknown: Making Frozen 2,TV Show,"Kristen Bell, Idina Menzel, Josh Gad, Jonathan Groff, Jennifer Lee, Chris Buck",United States,2020,"June 26, 2020",TV-PG,1 Season,6.908
276,Disney Star vs. the Forces of Evil,TV Show,"Eden Sher, Adam McArthur",United States,2014,"December 1, 2019",TV-Y7,4 Seasons,6.9
277,Tut's Treasures: Hidden Secrets,TV Show,Mark Bazeley,United Kingdom,2018,"April 10, 2020",TV-PG,1 Season,6.9
278,Gigantosaurus,TV Show,"Dylan Schombing, Áine Sunderland, Nahanni Mitchell, Nicholas Holmes",France,2018,"August 25, 2021",TV-Y,2 Seasons,6.9
279,One Day at Disney (Shorts),TV Show,Unknown,Unknown,2019,"December 6, 2019",TV-PG,1 Season,6.9
280,Disney The Lion Guard,TV Show,"Max Charles, Diamond White, Dusan Brown, Atticus Shaffer, Joshua Rush",United States,2015,"December 3, 2019",TV-Y,3 Seasons,6.9
281,Mickey Mouse Roadster Racers,TV Show,"Bret Iwan, Russi Taylor, Bill Farmer, Daniel Ross, Tress MacNeille",Unknown,2017,"November 20, 2019",TV-Y,2 Seasons,6.8
282,Dog Whisperer with Cesar Millan,TV Show,Cesar Millan,United States,2004,"November 12, 2019",TV-G,6 Seasons,6.8
283,Becoming,TV Show,Unknown,United States,2020,"September 18, 2020",TV-PG,1 Season,6.8
284,Wild Sri Lanka,TV Show,Paul McGann,United Kingdom,2016,"July 24, 2020",TV-PG,1 Season,6.8
285,Japan: Between Earth and Sky,TV Show,Bray Poor,France,2017,"June 5, 2020",TV-PG,1 Season,6.8
286,Japan: Between Earth and Sky,TV Show,Bray Poor, Japan,2017,"June 5, 2020",TV-PG,1 Season,6.8
287,The World According to Jeff Goldblum,TV Show,Jeff Goldblum,United States,2019,"November 12, 2019",TV-PG,2 Seasons,6.8
288,The Evermoor Chronicles,TV Show,"Naomi Sequeira, Finney Cassidy, Georgia Lock, Jordan Loughran, George Sear, Georgie Farmer",United Kingdom,2015,"May 29, 2020",TV-PG,2 Seasons,6.8
289,The Evermoor Chronicles,TV Show,"Naomi Sequeira, Finney Cassidy, Georgia Lock, Jordan Loughran, George Sear, Georgie Farmer", United States,2015,"May 29, 2020",TV-PG,2 Seasons,6.8
290,Lost Treasures Of Egypt,TV Show,Rick Robles,United Kingdom,2018,"May 1, 2020",TV-PG,1 Season,6.8
291,Walk the Prank,TV Show,"Cody Veith, Bryce Gheisar, Brandon Severs, Jillian Shea Spaeder, Tobie Windham",United States,2016,"April 2, 2021",TV-Y7,3 Seasons,6.778
292,Inside Pixar,TV Show,Unknown,United States,2020,"November 13, 2020",TV-PG,1 Season,6.778
293,Pickle and Peanut,TV Show,"Johnny Pemberton, Jon Heder, Dana Snyder, Joel Trussell",United States,2015,"March 26, 2021",TV-Y7,2 Seasons,6.778
294,Elena of Avalor,TV Show,"Aimee Carrero, Jenna Ortega, Keith Ferguson, Jillian Reed, Carlos Alazraqui, Mikey Kelley",United States,2015,"January 15, 2021",TV-Y7,3 Seasons,6.758
295,Love & Vets,TV Show,Mallory Kasdan,United States,2017,"May 1, 2020",TV-PG,1 Season,6.755
296,Quack Pack,TV Show,"Tony Anselmo, James Avery, Brian Cummings, E.G. Daily, Jeannie Elias, Pamela Segall",United States,1996,"November 12, 2019",TV-Y,1 Season,6.755
297,Wild Hawaii,TV Show,JK Simmons,United States,2014,"June 5, 2020",TV-PG,1 Season,6.75
298,Disney Stuck In The Middle,TV Show,"Jenna Ortega, Ronni Hawk, Isaak Presley, Ariana Greenblatt, Kayla Maisonet, Nicolas Bechtel",United States,2015,"November 12, 2019",TV-PG,3 Seasons,6.747
299,Disney Take Two With Phineas And Ferb (Shorts),TV Show,Unknown,United States,2010,"November 12, 2019",TV-G,1 Season,6.747
300,Disney Tangled: The Series - Short Cuts,TV Show,Unknown,Unknown,2016,"November 12, 2019",TV-Y7,1 Season,6.747
301,Disney Minnie's Bow-Toons (Shorts),TV Show,Unknown,United States,2011,"November 12, 2019",TV-Y,3 Seasons,6.747
302,Disney Milo Murphy's Law,TV Show,"Al Yankovic, Sabrina Carpenter, Mekai Curtis",United States,2016,"November 12, 2019",TV-Y7,2 Seasons,6.747
303,Disney Mickey Mouse Clubhouse,TV Show,"Wayne Allwine, Jim Cummings, Russi Taylor, Tony Anselmo, Bill Farmer, Tress MacNeille",United States,2005,"November 12, 2019",TV-Y,5 Seasons,6.747
304,Handy Manny,TV Show,"Wilmer Valderrama, Carlos Alazraqui, Dee Baker, Nika Futterman, Tom Kenny, Kath Soucie",United States,2006,"November 12, 2019",TV-Y,3 Seasons,6.7
305,Handy Manny,TV Show,"Wilmer Valderrama, Carlos Alazraqui, Dee Baker, Nika Futterman, Tom Kenny, Kath Soucie", Canada,2006,"November 12, 2019",TV-Y,3 Seasons,6.7
306,Puppy Dog Pals,TV Show,"Harland Williams, Isaac Brown, Jessica DiCicco, Sam Lavagnino, Leslie Baker, Tara Strong",United States,2016,"June 11, 2021",TV-G,4 Seasons,6.7
307,Puppy Dog Pals,TV Show,"Harland Williams, Isaac Brown, Jessica DiCicco, Sam Lavagnino, Leslie Baker, Tara Strong", India,2016,"June 11, 2021",TV-G,4 Seasons,6.7
308,Crash & Bernstein,TV Show,"Cole Jensen, Tim Lagasse, Landry Bender, Oana Gregory, Aaron Landon",United States,2012,"November 12, 2019",TV-Y7,2 Seasons,6.667
309,Wild Cats of India,TV Show,James Murray,United States,2020,"August 14, 2020",TV-PG,1 Season,6.667
310,Zombies: Addison's Moonstone Mystery,TV Show,Unknown,Unknown,2020,"October 13, 2021",TV-G,1 Season,6.625
311,Out of the Box,TV Show,"Vivian Bayubay, Tony James, Jill Schackner, Aleisha Allen, Cece Cortes, Nicholas Eng",United States,1998,"November 12, 2019",TV-G,3 Seasons,6.6
312,Fish Hooks,TV Show,"Chelsea Kane, Kyle Massey, Justin Roiland",United States,2010,"April 3, 2020",TV-G,3 Seasons,6.6
313,Chip 'n' Dale: Park Life,TV Show,"Matthew Géczy, Kaycie Chase, Bill Farmer, Sylvain Caruso",Unknown,2021,"July 28, 2021",TV-Y7,1 Season,6.6
314,Star Wars Vehicle Flythroughs,TV Show,Unknown,Unknown,2021,"May 4, 2021",TV-G,1 Season,6.6
315,Disney Junior Muppet Babies Play Date,TV Show,Unknown,Unknown,2018,"June 19, 2020",TV-Y,1 Season,6.586
316,101 Dalmatians (Series),TV Show,"Jeff Bennett, Christine Cavanaugh, Tara Charendoff, Jim Cummings, Tress MacNeille, Charlotte Rae",Unknown,1997,"June 19, 2020",TV-Y7,1 Season,6.586
317,America's Funniest Home Videos,TV Show,Tom Bergeron,United States,1989,"April 24, 2020",TV-PG,9 Seasons,6.571
318,Spider-Man (Shorts),TV Show,Unknown,Unknown,2016,"November 12, 2019",TV-Y7,1 Season,6.545
319,So Weird,TV Show,"Cara DeLizia, Patrick Levis, Erik von Detten, Belinda Metz, Dave Ward, Mackenzie Phillips",Canada,1999,"November 12, 2019",TV-Y7,3 Seasons,6.545
320,The Replacements,TV Show,"Nancy Cartwright, Grey DeLisle, Kath Soucie, Daran Norris, David McCallum, Jeff Bennett",United States,2006,"November 12, 2019",TV-G,1 Season,6.511
321,Birth of Europe,TV Show,Mark Halliley,United Kingdom,2014,"May 1, 2020",TV-G,1 Season,6.5
322,Goof Troop,TV Show,"Nancy Cartwright, Jim Cummings, Dana Hill, Rob Paulson, Corey Burton, Bill Farmer",United States,1992,"November 12, 2019",TV-Y7,1 Season,6.5
323,Rogue Trip,TV Show,"Bob Woodruff, Mack Woodruff",Unknown,2020,"July 24, 2020",TV-PG,1 Season,6.5
324,Pepper Ann,TV Show,"Kathleen Wilhoite, Clea Lewis, Danny Cooksey, Pamela Segall, April Winchell, Don Adams",United States,1997,"September 8, 2021",TV-Y,3 Seasons,6.5
325,Disney Parks Sunrise Series,TV Show,Unknown,Unknown,2021,"December 18, 2020",TV-G,1 Season,6.5
326,Pixar In Real Life,TV Show,Unknown,United States,2019,"November 12, 2019",TV-G,1 Season,6.5
327,Storm Rising,TV Show,Unknown,Unknown,2021,"November 3, 2021",TV-14,1 Season,6.5
328,Rolie Polie Olie,TV Show,"Cole Caplan, Kristen Bone, Robert Smith, Catherine Disher, Adrian Truss, Len Carlson",Canada,1998,"September 29, 2021",TV-Y,5 Seasons,6.435
329,Rolie Polie Olie,TV Show,"Cole Caplan, Kristen Bone, Robert Smith, Catherine Disher, Adrian Truss, Len Carlson", United States,1998,"September 29, 2021",TV-Y,5 Seasons,6.435
330,Rolie Polie Olie,TV Show,"Cole Caplan, Kristen Bone, Robert Smith, Catherine Disher, Adrian Truss, Len Carlson", France,1998,"September 29, 2021",TV-Y,5 Seasons,6.435
331,The Book of Pooh,TV Show,"Jim Cummings, Paul Tiesler, Jeff Bennett, Peter Cullen, Stephanie d’Abruzzo, John Fiedler",United States,2000,"November 12, 2019",TV-Y,2 Seasons,6.4
332,LEGO Star Wars: Droid Tales,TV Show,"Tom Kane, Anthony Daniels, Trevor Devall, Kirby Morrow, Sam Vincent, Michael Donovan",United States,2014,"November 12, 2019",TV-Y7,1 Season,6.4
333,LEGO Star Wars: Resistance Rises (Shorts),TV Show,Unknown,United States,2015,"November 12, 2019",TV-Y7-FV,1 Season,6.4
334,LEGO Star Wars: Resistance Rises (Shorts),TV Show,Unknown, Denmark,2015,"November 12, 2019",TV-Y7-FV,1 Season,6.4
335,Marvel Super Hero Adventures,TV Show,Unknown,United States,2017,"October 23, 2020",TV-Y,4 Seasons,6.4
336,Growing Up Animal,TV Show,Tracee Ellis Ross,Unknown,2021,"August 18, 2021",TV-PG,1 Season,6.333
337,Star Wars Resistance,TV Show,"Christopher Sean, Josh Brener, Scott Lawrence, Suzie McGrath, As Himself",United States,2018,"February 25, 2020",TV-Y7,2 Seasons,6.327
338,X-Ray Earth,TV Show,Unknown,United States,2020,"October 30, 2020",TV-PG,1 Season,6.3
339,Marvel Rising: Initiation (Shorts),TV Show,Unknown,United States,2017,"November 12, 2019",TV-Y7,1 Season,6.3
340,Bonkers,TV Show,"Charlie Adler, Corey Burton, Jesse Corti, Jim Cummings, Frank Welker, Gregg Berger",United States,1993,"November 12, 2019",TV-G,1 Season,6.3
341,Bonkers,TV Show,"Charlie Adler, Corey Burton, Jesse Corti, Jim Cummings, Frank Welker, Gregg Berger", Hong Kong,1993,"November 12, 2019",TV-G,1 Season,6.3
342,Bonkers,TV Show,"Charlie Adler, Corey Burton, Jesse Corti, Jim Cummings, Frank Welker, Gregg Berger", South Korea,1993,"November 12, 2019",TV-G,1 Season,6.3
343,Bonkers,TV Show,"Charlie Adler, Corey Burton, Jesse Corti, Jim Cummings, Frank Welker, Gregg Berger", France,1993,"November 12, 2019",TV-G,1 Season,6.3
344,Bonkers,TV Show,"Charlie Adler, Corey Burton, Jesse Corti, Jim Cummings, Frank Welker, Gregg Berger", Canada,1993,"November 12, 2019",TV-G,1 Season,6.3
345,Bonkers,TV Show,"Charlie Adler, Corey Burton, Jesse Corti, Jim Cummings, Frank Welker, Gregg Berger", China,1993,"November 12, 2019",TV-G,1 Season,6.3
346,Bonkers,TV Show,"Charlie Adler, Corey Burton, Jesse Corti, Jim Cummings, Frank Welker, Gregg Berger", United Kingdom,1993,"November 12, 2019",TV-G,1 Season,6.3
347,Bonkers,TV Show,"Charlie Adler, Corey Burton, Jesse Corti, Jim Cummings, Frank Welker, Gregg Berger", Australia,1993,"November 12, 2019",TV-G,1 Season,6.3
348,Bonkers,TV Show,"Charlie Adler, Corey Burton, Jesse Corti, Jim Cummings, Frank Welker, Gregg Berger", Japan,1993,"November 12, 2019",TV-G,1 Season,6.3
349,Bonkers,TV Show,"Charlie Adler, Corey Burton, Jesse Corti, Jim Cummings, Frank Welker, Gregg Berger", Taiwan,1993,"November 12, 2019",TV-G,1 Season,6.3
350,Bonkers,TV Show,"Charlie Adler, Corey Burton, Jesse Corti, Jim Cummings, Frank Welker, Gregg Berger", Philippines,1993,"November 12, 2019",TV-G,1 Season,6.3
351,Among the Stars,TV Show,Chris Cassidy,Unknown,2021,"October 6, 2021",TV-PG,1 Season,6.3
352,Marvel's Future Avengers,TV Show,"英司 花輪, 一博 中谷, 康之 加瀬, 健一郎 松田, かおり 水橋, 史絵 水沢",Unknown,2017,"May 22, 2020",TV-Y7,2 Seasons,6.3
353,Marvel Comics X-Men,TV Show,"Cedric Smith, Catherine Disher, Alyson Court, Chris Potter, George Buza, Iona Morris",United States,1992,"November 12, 2019",TV-Y7,5 Seasons,6.3
354,Marvel Comics X-Men,TV Show,"Cedric Smith, Catherine Disher, Alyson Court, Chris Potter, George Buza, Iona Morris", Canada,1992,"November 12, 2019",TV-Y7,5 Seasons,6.3
355,Marvel's Hero Project,TV Show,Unknown,United States,2019,"November 12, 2019",TV-PG,1 Season,6.3
356,Lost Treasures of the Maya,TV Show,Albert Lin,United States,2018,"November 12, 2019",TV-PG,1 Season,6.3
357,Lost Treasures of the Maya,TV Show,Albert Lin, Guatemala,2018,"November 12, 2019",TV-PG,1 Season,6.3
358,Out There with Jack Randall,TV Show,Jack Randall,Unknown,2019,"January 1, 2020",TV-14,1 Season,6.3
359,Shop Class,TV Show,Unknown,Unknown,2020,"February 28, 2020",TV-G,1 Season,6.3
360,Lost Cities With Albert Lin,TV Show,Dr. Albert Len,United States,2019,"February 21, 2020",TV-PG,1 Season,6.278
361,My Friends Tigger & Pooh,TV Show,Jim Cummings,United States,2006,"November 12, 2019",TV-Y,2 Seasons,6.263
362,Hulk and the Agents of S.M.A.S.H.,TV Show,"Fred Tatasciore, Clancy Brown, Seth Green, Eliza Dushku, Ben Diskin",United States,2012,"November 12, 2019",TV-Y7,2 Seasons,6.225
363,LEGO Star Wars: All Stars,TV Show,"Jasmin Brown, Josh Peck, Zeno Robinson, Max Mittelman, Matthew Wood",United States,2018,"November 12, 2019",TV-Y7,1 Season,6.2
364,LEGO Star Wars: All Stars (Shorts),TV Show,"Matthew Wood, Yvette Brown, Nicolas Cantu, Carolyn Hennesy, Montse Hernandez, Vanessa Lengies",Unknown,2018,"November 12, 2019",TV-Y7,1 Season,6.2
365,Marvel's Ultimate Comics,TV Show,"Cole Howard, Brian Drummond",Unknown,2016,"November 12, 2019",TV-Y7,1 Season,6.2
366,Race to the Center of the Earth,TV Show,Chris Payne Gilbert,United States,2021,"May 14, 2021",TV-14,1 Season,6.2
367,Disney Presents Goofy in How to Stay at Home,TV Show,"Bill Farmer, Corey Burton",Unknown,2021,"August 11, 2021",TV-G,1 Season,6.167
368,Kingdom of the Mummies,TV Show,Kerry Shale,United States,2020,"September 18, 2020",TV-14,1 Season,6.167
369,Sheriff Callie's Wild West,TV Show,"Mandy Moore, Lucas Grabeel",United States,2011,"December 1, 2019",TV-Y,2 Seasons,6.125
370,Sheriff Callie's Wild West,TV Show,"Mandy Moore, Lucas Grabeel", South Korea,2011,"December 1, 2019",TV-Y,2 Seasons,6.125
371,Sheriff Callie's Wild West,TV Show,"Mandy Moore, Lucas Grabeel", France,2011,"December 1, 2019",TV-Y,2 Seasons,6.125
372,Star Wars: Ewoks,TV Show,"Jim Henshaw, Cree Summer Francks, Jackie Burroughs, George Buza, Doug Chamberlain, Paul Chato",Unknown,1985,"April 2, 2021",TV-Y7-FV,2 Seasons,6.107
373,Doc McStuffins,TV Show,"Kiara Muhammad, Jaden Betts, Jess Harnell, Kimberly Brooks, Lara Miller, Loretta Devine",United States,2011,"May 22, 2020",TV-Y7,5 Seasons,6.057
374,Doc McStuffins,TV Show,"Kiara Muhammad, Jaden Betts, Jess Harnell, Kimberly Brooks, Lara Miller, Loretta Devine", Ireland,2011,"May 22, 2020",TV-Y7,5 Seasons,6.057
375,Marvel's Inhumans,TV Show,"Anson Mount, Serinda Swan, Ken Leung, Eme Ikwuakor, Isabelle Cornish, Ellen Woglom",United States,2017,"November 12, 2019",TV-14,1 Season,6.027
376,Imagination Movers,TV Show,"Rich Collins, Dave Poche, Scott Durbin, Scott Smith, Wendy Calio, Kevin Carlson",United States,2008,,TV-Y,3 Seasons,6.0
377,Fancy Nancy (Shorts),TV Show,"Mia Sinclair Jenness, Dana Heath, Spencer Moss, Alyson Hannigan",Unknown,2019,"November 6, 2020",TV-Y,1 Season,6.0
378,Kingdom of the Polar Bears,TV Show,Dennis Compayre,Unknown,2021,"May 28, 2021",TV-PG,1 Season,6.0
379,IMPACT with Gal Gadot,TV Show,Gal Gadot,United States,2021,"October 6, 2021",TV-14,1 Season,6.0
380,Star Wars Galaxy of Sounds,TV Show,Unknown,Unknown,2021,"September 29, 2021",TV-PG,1 Season,6.0
381,Jungle Animal Rescue,TV Show,Dan Nachtrab,United States,2019,"August 14, 2020",TV-PG,1 Season,6.0
382,Chicken Squad,TV Show,"Ramone Hamilton, Gabriella Graves, Maxwell Simkins, Yvette Nicole Brown",United States,2021,"August 11, 2021",TV-Y,1 Season,6.0
383,Critter Fixers: Country Vets,TV Show,Sullivan Jones,United States,2020,"July 28, 2021",TV-14,2 Seasons,6.0
384,Mickey Go Local,TV Show,"Azran Bin Ahmad, Rozita Binti Mohamed Hussain, Shamsir Bin Mohd Shahar, Suzana Binti Ahmad",Unknown,2019,"February 26, 2021",TV-G,1 Season,6.0
385,Austin & Ally,TV Show,"Ross Lynch, Laura Marano, Raini Rodriguez, Calum Worthy",United States,2011,"January 1, 2020",TV-G,4 Seasons,5.9
386,The Avengers: United They Stand,TV Show,"Martin Roach, Rod Wilson, Lenore Zann, Ron Rubin, Hamish McEwan, Lynda Ballantyne",France,1999,"November 12, 2019",TV-Y7,1 Season,5.9
387,The Avengers: United They Stand,TV Show,"Martin Roach, Rod Wilson, Lenore Zann, Ron Rubin, Hamish McEwan, Lynda Ballantyne", Canada,1999,"November 12, 2019",TV-Y7,1 Season,5.9
388,The Avengers: United They Stand,TV Show,"Martin Roach, Rod Wilson, Lenore Zann, Ron Rubin, Hamish McEwan, Lynda Ballantyne", United States,1999,"November 12, 2019",TV-Y7,1 Season,5.9
389,"Mira, Royal Detective",TV Show,"Leela Ladnier, Utkarsh Ambudkar, Roshni Edwards, Kal Penn, Kamran Lucas",United States,2020,"September 8, 2021",TV-Y,2 Seasons,5.9
390,MUPPET BABIES,TV Show,"Matt Danner, Melanie Harrison, Ben Diskin, Eric Bauza, Dee Baker, Jessica DiCicco",South Korea,2017,"June 4, 2021",TV-Y,3 Seasons,5.7
391,MUPPET BABIES,TV Show,"Matt Danner, Melanie Harrison, Ben Diskin, Eric Bauza, Dee Baker, Jessica DiCicco", United States,2017,"June 4, 2021",TV-Y,3 Seasons,5.7
392,MUPPET BABIES,TV Show,"Matt Danner, Melanie Harrison, Ben Diskin, Eric Bauza, Dee Baker, Jessica DiCicco", China,2017,"June 4, 2021",TV-Y,3 Seasons,5.7
393,MUPPET BABIES,TV Show,"Matt Danner, Melanie Harrison, Ben Diskin, Eric Bauza, Dee Baker, Jessica DiCicco", Japan,2017,"June 4, 2021",TV-Y,3 Seasons,5.7
394,Goldie & Bear,TV Show,"Georgie Kidder, Justine Huxley, Natalie Lander, Jim Cummings, David Kaufman, David Lodge",United States,2015,"November 6, 2020",TV-Y,2 Seasons,5.7
395,Earth to Ned,TV Show,Unknown,United States,2020,"September 4, 2020",TV-PG,1 Season,5.667
396,The Big Fib,TV Show,Unknown,United States,2019,"May 22, 2020",TV-PG,1 Season,5.6
397,Muppets Now,TV Show,"Dave Goelz, Matt Vogel, David Rudman, Peter Linz, Bill Barretta, Eric Jacobson",United States,2020,"July 31, 2020",TV-PG,1 Season,5.542
398,Fury Files,TV Show,Chi McBride,Unknown,2013,"May 21, 2021",TV-Y7,1 Season,5.5
399,Marvel Funko Shorts,TV Show,Unknown,Unknown,2016,"July 31, 2020",TV-Y7,2 Seasons,5.5
400,The Greeks,TV Show,Toby Moore,United States,2016,"June 5, 2020",TV-PG,1 Season,5.5
401,Wild Congo,TV Show,Corey Johnson,Unknown,2014,"July 24, 2020",TV-PG,1 Season,5.5
402,Star Wars Forces of Destiny (Shorts),TV Show,"Ashley Eckstein, Matt Lanter, C1-10P a.k.a. ""Chopper"" , John Boyega, Vanessa Marshall, Felicity Jones",United States,2016,"November 12, 2019",TV-Y7,2 Seasons,5.3
403,Billy Dilley's Super-Duper Subterranean Summer,TV Show,"Aaron Springer, Catherine Wayne, Tom Kenny",United States,2016,"January 1, 2020",TV-Y7,1 Season,5.3
404,Disney's Magic Bake-Off,TV Show,"Issac Ryan Brown, Dara Reneé, Graciela Gomez",United States,2021,"September 29, 2021",TV-G,1 Season,5.25
405,"Dr. Oakley, Yukon Vet",TV Show,"Dr. Michelle Oakley, Zachary Fine",United States,2013,"November 17, 2021",TV-PG,10 Seasons,5.2
406,Disney Fancy Nancy,TV Show,"Mia Jenness, Alyson Hannigan, Rob Riggle, Spencer Moss, Dana Heath",United States,2018,"November 12, 2021",TV-PG,3 Seasons,5.2
407,Disney Fancy Nancy,TV Show,"Mia Jenness, Alyson Hannigan, Rob Riggle, Spencer Moss, Dana Heath", Canada,2018,"November 12, 2021",TV-PG,3 Seasons,5.2
408,Star Wars: Blips,TV Show,Unknown,United States,2019,"November 12, 2019",TV-Y7-FV,1 Season,5.2
409,Star Wars Vintage: Droids,TV Show,"Anthony Daniels, R2-D2, Lesleh Donaldson, Andrew Sabiston, Don Francks, Dan Hennessey",Unknown,1985,"June 18, 2021",TV-Y7-FV,2 Seasons,5.1
410,Minnie's Bow-Toons: Party Palace Pals,TV Show,"Tress MacNeille, Nika Futterman, Kaitlyn Robrock",Unknown,2021,"July 28, 2021",TV-Y7,1 Season,5.056
411,Future-Worm!,TV Show,"Andy Milonakis, James Adomian, Corey Burton, Melanie Lynskey, Ryan Quincy, Neil deGrasse Tyson",United States,2016,"April 9, 2021",TV-Y7,1 Season,5.0
412,Paradise Islands,TV Show,Michael Izqueirdo,Unknown,2017,"April 10, 2020",TV-PG,1 Season,5.0
413,Muppet Babies Show and Tell (Shorts),TV Show,"Matt Danner, Melanie Harrison, Ben Diskin, Eric Bauza, Dee Baker, Jessica DiCicco",Unknown,2017,"January 15, 2020",TV-Y7,1 Season,5.0
414,Disney Randy Cunningham: 9th Grade Ninja,TV Show,"Ben Schwartz, Andrew Caldwell, Tim Curry, John DiMaggio, Kevin Richardson, Dave Wittenberg",United Kingdom,2011,"January 15, 2020",TV-Y7,2 Seasons,5.0
415,Disney Randy Cunningham: 9th Grade Ninja,TV Show,"Ben Schwartz, Andrew Caldwell, Tim Curry, John DiMaggio, Kevin Richardson, Dave Wittenberg", United States,2011,"January 15, 2020",TV-Y7,2 Seasons,5.0
416,Disney Randy Cunningham: 9th Grade Ninja,TV Show,"Ben Schwartz, Andrew Caldwell, Tim Curry, John DiMaggio, Kevin Richardson, Dave Wittenberg", Ireland,2011,"January 15, 2020",TV-Y7,2 Seasons,5.0
417,Weird But True!,TV Show,"Charlie Engelman, Kirby Engelman",United States,2017,"August 14, 2020",TV-G,3 Seasons,5.0
418,Spaced Out,TV Show,Ben DeTour,Unknown,2018,"August 14, 2020",TV-G,1 Season,5.0
419,Continent 7: Antarctica,TV Show,Chris Browning,United States,2016,"January 15, 2020",TV-PG,1 Season,5.0
420,Be Our Chef,TV Show,Angela Kinsey,Unknown,2020,"March 27, 2020",TV-G,1 Season,5.0
421,India From Above,TV Show,Dev Patel,Unknown,2019,"October 23, 2020",TV-PG,1 Season,5.0
422,Disney I Didn't Do It,TV Show,"Olivia Holt, Austin North, Piper Curda, Peyton Clark, Sarah Gilman",United States,2013,"March 20, 2020",TV-G,2 Seasons,5.0
423,Marvel Battleworld: Mystery of the Thanostones,TV Show,"Giles Panton, Rebecca Shoichet, Jesse Inocalla, Brad Swaile, Deven Mack, Ian Hanlin",United States,2020,"February 12, 2021",TV-Y7-FV,1 Season,5.0
424,Disney Fast Layne,TV Show,"Sophie Pollono, Sofia Rosinsky, Brandon Rossel, Winslow Fegley",United States,2018,"November 12, 2019",TV-G,1 Season,4.8
425,Disney JONAS,TV Show,"Kevin Jonas, Joe Jonas, Nick Jonas, Chelsea Staub, Nicole Anderson, John Ducey",United States,2008,"November 12, 2019",TV-G,2 Seasons,4.8
426,Disney Jake and the Never Land Pirates,TV Show,"Madison Pettis, Colin Ford, Jonathan Heit, David Arquette, Corey Burton",United States,2010,"November 12, 2019",TV-Y,4 Seasons,4.8
427,Disney Gravity Falls (Shorts),TV Show,Unknown,Unknown,2012,"November 12, 2019",TV-G,1 Season,4.8
428,Disney Gravity Falls,TV Show,"Kristen Schaal, Jason Morgan, Alex Hirsch",United States,2011,"November 12, 2019",TV-Y7,2 Seasons,4.8
429,America's Funniest Home Videos: Animal Edition,TV Show,Alfonso Ribeiro,Unknown,2021,"August 11, 2021",TV-PG,1 Season,4.8
430,Disney Family Sundays,TV Show,Unknown,United States,2019,"November 12, 2019",TV-G,1 Season,4.8
431,PJ Masks,TV Show,"Kyle Breitkopf, Jacob Ursomarzo, Addison Holley",France,2015,"October 20, 2021",TV-Y7,5 Seasons,4.682
432,PJ Masks,TV Show,"Kyle Breitkopf, Jacob Ursomarzo, Addison Holley", United Kingdom,2015,"October 20, 2021",TV-Y7,5 Seasons,4.682
433,Wild Nordic,TV Show,Dan Nachtrab,Unknown,2019,"December 18, 2020",TV-PG,1 Season,4.5
434,Turning the Tables with Robin Roberts,TV Show,Robin Roberts,Unknown,2021,"July 28, 2021",TV-PG,1 Season,3.5
435,Unlikely Animal Friends,TV Show,Mark Keller,United States,2012,"May 1, 2020",TV-G,3 Seasons,3.5
436,Wicked Tuna: Outer Banks,TV Show,Bill Ratner,Unknown,2013,"February 5, 2021",TV-14,7 Seasons,3.5
437,Dr. K's Exotic Animal ER,TV Show,"Dr. Susan Kelleher, Art Edmonds",Unknown,2014,"August 25, 2021",TV-14,9 Seasons,3.0
438,The Wild Life of Dr. Ole,TV Show,Unknown,Unknown,2021,"October 20, 2021",TV-PG,1 Season,3.0
439,Rocky Mountain Animal Rescue,TV Show,Chopper Bernet,United States,2018,"November 12, 2019",TV-PG,1 Season,2.0
440,Ready for Preschool,TV Show,Unknown,Unknown,2019,"September 29, 2021",TV-Y,2 Seasons,2.0
441,Gathering Storm,TV Show,Tucker McDougall,United States,2020,"October 23, 2020",TV-PG,1 Season,2.0
442,"Dr. T, Lone Star Vet",TV Show,Dr. Lauren Thielen,United States,2019,"November 12, 2019",TV-PG,1 Season,2.0
443,Secrets of the Zoo: North Carolina,TV Show,Unknown,Unknown,2020,"October 13, 2021",TV-14,1 Season,2.0
444,Elena of Avalor (Shorts),TV Show,"Aimee Carrero, Jenna Ortega, Maximus Riegel, Gia Lopez, Desmond Gerber, Mick Wingert",Unknown,2017,"November 12, 2019",TV-Y,2 Seasons,2.0
