,Title,Type,Country,Release Year,Rating,Seasons,Vote Average
0,Tom and Jerry,SHOW,['US'],1940,Unknown,16.0,10.0
1,Crashbox,SHOW,['CA',1999,TV-Y7,2.0,10.0
2,Crashbox,SHOW, 'US'],1999,TV-Y7,2.0,10.0
3,Category 7: The End of the World,SHOW,['RU'],2005,TV-PG,1.0,10.0
4,Classical Baby,SHOW,['US'],2005,TV-Y,1.0,10.0
5,Dios Inc.,SHOW,['MX'],2016,Unknown,1.0,10.0
6,Talk Show the Game Show,SHOW,['US'],2017,TV-14,2.0,10.0
7,Autopsy,SHOW,['US'],1994,TV-MA,2.0,10.0
8,The Retro Plant Shop with Mikey and Jo,SHOW,['US'],2022,Unknown,1.0,10.0
9,Restoration Road With Clint Harp,SHOW,['US'],2021,Unknown,3.0,10.0
10,Batman: The Audio Adventures,SHOW,['US'],2021,TV-14,1.0,9.5
11,The World Between Us,SHOW,['TW'],2019,Unknown,1.0,9.022
12,Beach Cottage Chronicles,SHOW,['US'],2022,Unknown,1.0,9.0
13,Looney Tunes,SHOW,[],1929,Unknown,17.0,9.0
14,The Last of Us,SHOW,['US'],2023,TV-MA,1.0,8.798
15,Rick and Morty,SHOW,['US'],2013,TV-MA,6.0,8.729
16,Frayed,SHOW,['AU',2019,TV-MA,2.0,8.727
17,Frayed,SHOW, 'GB'],2019,TV-MA,2.0,8.727
18,Trinity of Shadows,SHOW,['TW'],2021,Unknown,1.0,8.7
19,Regular Show,SHOW,['US'],2010,TV-PG,8.0,8.691
20,Conan Without Borders,SHOW,[],2015,TV-MA,1.0,8.667
21,Primal,SHOW,['US'],2019,TV-14,2.0,8.66
22,Selena + Chef,SHOW,['US'],2020,TV-PG,4.0,8.643
23,Dr. Stone,SHOW,['JP'],2019,TV-14,3.0,8.64
24,Tokyo Revengers,SHOW,['JP'],2021,TV-14,2.0,8.603
25,The Sopranos,SHOW,['US'],1999,TV-MA,6.0,8.603
26,Axios,SHOW,['US'],2018,TV-14,4.0,8.6
27,Xavier: Renegade Angel,SHOW,['US'],2007,TV-MA,2.0,8.6
28,Chernobyl,SHOW,['US'],2019,TV-MA,1.0,8.6
29,Noblesse,SHOW,['JP'],2020,TV-MA,1.0,8.575
30,The Amazing World of Gumball,SHOW,['US'],2011,TV-Y7,6.0,8.544
31,Over the Garden Wall,SHOW,['US'],2014,TV-PG,1.0,8.504
32,The Wire,SHOW,['US'],2002,TV-MA,5.0,8.501
33,Arthur's Law,SHOW,['DE'],2018,Unknown,2.0,8.5
34,Eyes on the Prize,SHOW,['US'],1987,TV-PG,2.0,8.5
35,House of the Dragon,SHOW,['US'],2022,TV-MA,2.0,8.5
36,Wyatt Cenac's Problem Areas,SHOW,['US'],2018,TV-MA,2.0,8.5
37,Batman: The Animated Series,SHOW,['US'],1992,TV-Y7-FV,4.0,8.489
38,Steven Universe,SHOW,['US'],2013,TV-PG,6.0,8.468
39,Young Justice,SHOW,['US'],2010,TV-14,4.0,8.461
40,Tsukimichi -Moonlit Fantasy-,SHOW,['JP'],2021,TV-14,1.0,8.461
41,Friends,SHOW,['US'],1994,TV-14,10.0,8.456
42,Samurai Jack,SHOW,['US'],2001,TV-14,5.0,8.454
43,Band of Brothers,SHOW,['US'],2001,TV-MA,1.0,8.454
44,Adventure Time,SHOW,['US'],2010,TV-PG,10.0,8.453
45,Harley Quinn,SHOW,['US'],2019,TV-MA,4.0,8.437
46,Shadows,SHOW,['RO'],2014,TV-MA,3.0,8.424
47,Veneno,SHOW,['ES'],2020,TV-MA,1.0,8.412
48,"Be Cool, Scooby-Doo!",SHOW,['US'],2015,TV-Y7,2.0,8.406
49,Game of Thrones,SHOW,['US'],2011,TV-MA,8.0,8.4
50,Batwheels,SHOW,['US'],2022,TV-Y7,2.0,8.4
51,Craig of the Creek,SHOW,['US'],2018,Unknown,4.0,8.4
52,Joe Pera Talks With You,SHOW,['US'],2018,TV-14,3.0,8.4
53,The Mentalist,SHOW,['US'],2008,TV-14,7.0,8.393
54,My Brilliant Friend,SHOW,['US',2018,TV-MA,3.0,8.388
55,My Brilliant Friend,SHOW, 'IT'],2018,TV-MA,3.0,8.388
56,Euphoria,SHOW,['US'],2019,TV-MA,2.0,8.386
57,Gossip Girl,SHOW,['US'],2007,TV-14,6.0,8.346
58,Gossip Girl,SHOW,['US'],2021,TV-MA,2.0,7.573
59,The Vampire Diaries,SHOW,['US'],2009,TV-14,8.0,8.344
60,Peacemaker,SHOW,['US'],2022,TV-MA,1.0,8.343
61,South Park,SHOW,['US'],1997,TV-MA,26.0,8.34
62,Prodigal Son,SHOW,['US'],2019,TV-14,2.0,8.319
63,Ben 10: Alien Force,SHOW,['US'],2008,TV-Y7,3.0,8.318
64,Joint Venture,SHOW,['BR'],2019,TV-MA,2.0,8.308
65,From the Earth to the Moon,SHOW,['US'],1998,TV-PG,1.0,8.3
66,South Side,SHOW,['US'],2019,TV-MA,3.0,8.3
67,Living Single,SHOW,['US'],1993,TV-14,5.0,8.3
68,Teen Titans,SHOW,['US'],2003,TV-Y7,5.0,8.3
69,Justice League Unlimited,SHOW,['US'],2004,TV-Y7,3.0,8.296
70,The West Wing,SHOW,['US'],1999,TV-14,7.0,8.292
71,True Detective,SHOW,['US'],2014,TV-MA,4.0,8.289
72,Katy Keene,SHOW,['US'],2020,TV-14,1.0,8.287
73,Rome,SHOW,['US'],2005,TV-MA,2.0,8.28
74,Chowder,SHOW,['US'],2007,TV-Y7,4.0,8.279
75,Mare of Easttown,SHOW,['US'],2021,TV-MA,1.0,8.268
76,"The Way Down: God, Greed, and the Cult of Gwen Shamblin",SHOW,['US'],2021,TV-MA,2.0,8.25
77,Capadocia,SHOW,['MX'],2008,TV-MA,3.0,8.244
78,To Your Eternity,SHOW,['JP'],2021,TV-MA,2.0,8.244
79,Scooby-Doo! Mystery Incorporated,SHOW,['US'],2010,TV-PG,4.0,8.218
80,Tacoma FD,SHOW,['US'],2019,TV-14,3.0,8.216
81,Codename: Kids Next Door,SHOW,['US'],2002,TV-Y7,6.0,8.204
82,Ben 10: Omniverse,SHOW,['US'],2012,TV-Y7,8.0,8.202
83,The Shop: Uninterrupted,SHOW,['US'],2018,TV-PG,5.0,8.2
84,Bob Hearts Abishola,SHOW,['US'],2019,TV-PG,5.0,8.2
85,Nuclear Family,SHOW,['US'],2016,TV-MA,1.0,8.2
86,Property Brothers: Forever Home,SHOW,['US'],2019,TV-G,7.0,8.2
87,Las Bravas F.C.,SHOW,['MX'],2022,TV-MA,1.0,8.2
88,Ben 10: Ultimate Alien,SHOW,['US'],2010,TV-Y7,3.0,8.2
89,Succession,SHOW,['US'],2018,TV-MA,4.0,8.2
90,Painting With John,SHOW,['US'],2021,TV-MA,2.0,8.2
91,Mr. Pickles,SHOW,['US'],2014,TV-MA,4.0,8.2
92,How To with John Wilson,SHOW,['US'],2020,TV-MA,2.0,8.2
93,Steven Universe Future,SHOW,['US'],2019,TV-PG,1.0,8.181
94,Courage the Cowardly Dog,SHOW,['US'],1999,TV-Y7,4.0,8.169
95,Batman Beyond,SHOW,['US'],1999,TV-Y7,3.0,8.164
96,"Harvey Birdman, Attorney at Law",SHOW,['US'],2000,TV-14,4.0,8.158
97,Ben 10,SHOW,['US'],2005,TV-Y7,4.0,8.144
98,Ben 10,SHOW,['US'],2016,TV-Y7,5.0,6.259
99,The Newsroom,SHOW,['US'],2012,TV-MA,3.0,8.131
100,Valley of Tears,SHOW,['IL'],2020,Unknown,1.0,8.13
101,Silicon Valley,SHOW,['US'],2014,TV-MA,6.0,8.129
102,Fringe,SHOW,['US'],2008,TV-14,5.0,8.107
103,Space Ghost Coast to Coast,SHOW,['US'],1994,TV-PG,12.0,8.106
104,Superman & Lois,SHOW,['US'],2021,TV-14,3.0,8.103
105,The Nanny,SHOW,['US'],1993,TV-PG,6.0,8.1
106,Young Sheldon,SHOW,['US'],2017,TV-PG,6.0,8.1
107,Impractical Jokers: Inside Jokes,SHOW,['US'],2016,TV-14,1.0,8.1
108,Deadwood,SHOW,['US'],2004,TV-MA,3.0,8.1
109,Sr. Ávila,SHOW,['MX'],2013,TV-MA,4.0,8.1
110,Six Feet Under,SHOW,['US'],2001,TV-MA,5.0,8.1
111,Nathan For You,SHOW,['US'],2013,TV-14,4.0,8.1
112,Justice League,SHOW,['US'],2001,TV-PG,2.0,8.094
113,Curb Your Enthusiasm,SHOW,['US'],2000,TV-MA,11.0,8.09
114,Gomorrah,SHOW,['IT'],2014,TV-MA,5.0,8.09
115,The Marvelous Misadventures of Flapjack,SHOW,['US'],2008,TV-Y7,3.0,8.086
116,The Rehearsal,SHOW,['US'],2022,TV-MA,1.0,8.076
117,The Crime of the Century,SHOW,['US'],2021,TV-MA,1.0,8.067
118,Oz,SHOW,['US'],1997,TV-MA,6.0,8.063
119,Static Shock,SHOW,['US'],2000,TV-Y7,4.0,8.058
120,The Boondocks,SHOW,['US'],2005,TV-MA,4.0,8.058
121,The Grim Adventures of Billy and Mandy,SHOW,['US'],2001,TV-Y7,7.0,8.053
122,We Are Who We Are,SHOW,['US'],2020,TV-MA,1.0,8.043
123,Ghosts,SHOW,['GB'],2019,TV-14,4.0,8.03
124,Titans,SHOW,['US'],2018,TV-MA,4.0,8.028
125,Carnivàle,SHOW,['US'],2003,TV-MA,2.0,8.026
126,Pretty Little Liars,SHOW,['US'],2010,TV-14,7.0,8.024
127,The Jinx: The Life and Deaths of Robert Durst,SHOW,['US'],2015,TV-MA,1.0,8.021
128,Smiling Friends,SHOW,['US'],2020,TV-MA,1.0,8.02
129,Treme,SHOW,['US'],2010,TV-MA,4.0,8.011
130,Pennyworth: The Origin of Batman's Butler,SHOW,['US'],2019,TV-MA,3.0,8.004
131,The Alzheimer's Project,SHOW,['US'],2009,TV-PG,1.0,8.0
132,Kindergarten,SHOW,['US'],2001,Unknown,1.0,8.0
133,Sons of Carnaval,SHOW,['BR'],2006,Unknown,2.0,8.0
134,Boardwalk Empire,SHOW,['US'],2010,TV-MA,5.0,8.0
135,On the Job,SHOW,['PH'],2021,Unknown,1.0,8.0
136,Gentleman Jack,SHOW,['US'],2019,TV-MA,2.0,8.0
137,Fixer Upper: Welcome Home,SHOW,['US'],2021,TV-G,1.0,8.0
138,Long Live the Royals,SHOW,['US'],2015,TV-PG,1.0,8.0
139,Winning Time: The Rise of the Lakers Dynasty,SHOW,['US'],2022,TV-MA,2.0,8.0
140,Impractical Jokers: After Party,SHOW,['US'],2017,TV-14,4.0,8.0
141,On the Spectrum,SHOW,['IL'],2018,TV-MA,1.0,8.0
142,The Looney Tunes Show,SHOW,['US'],2011,TV-PG,2.0,8.0
143,Magnifica 70,SHOW,['BR'],2015,Unknown,3.0,8.0
144,Moral Orel,SHOW,['US'],2005,TV-MA,4.0,8.0
145,Hot Streets,SHOW,['US'],2018,TV-MA,2.0,8.0
146,The Fresh Prince of Bel-Air,SHOW,['US'],1990,TV-PG,6.0,8.0
147,Miss S,SHOW,['CN'],2020,Unknown,1.0,8.0
148,Chappelle's Show,SHOW,['US'],2003,TV-14,3.0,8.0
149,His Dark Materials,SHOW,['GB'],2019,TV-14,3.0,7.993
150,Scooby-Doo and Guess Who?,SHOW,['US'],2019,TV-PG,3.0,7.992
151,Pretty Little Liars: Original Sin,SHOW,['US'],2022,TV-MA,1.0,7.991
152,Adventure Time: Distant Lands,SHOW,['US'],2020,TV-PG,1.0,7.978
153,It's a Sin,SHOW,['GB'],2021,TV-MA,1.0,7.977
154,Generation Kill,SHOW,['US'],2008,TV-MA,1.0,7.969
155,Warrior,SHOW,['US'],2019,TV-MA,2.0,7.961
156,Banshee,SHOW,['US'],2013,TV-MA,4.0,7.953
157,Nancy Drew,SHOW,['US'],2019,TV-14,4.0,7.946
158,Tokyo Vice,SHOW,['US'],2022,TV-MA,1.0,7.942
159,Rizzoli & Isles,SHOW,['US'],2010,TV-14,7.0,7.932
160,The Night Of,SHOW,['US'],2016,TV-MA,1.0,7.925
161,Last Week Tonight with John Oliver,SHOW,['US'],2014,TV-MA,10.0,7.924
162,The Knick,SHOW,['US'],2014,TV-MA,2.0,7.923
163,Off the Air,SHOW,['US'],2011,TV-MA,12.0,7.917
164,Pushing Daisies,SHOW,['US'],2007,TV-PG,2.0,7.91
165,Spawn,SHOW,['US'],1997,TV-MA,3.0,7.9
166,Big Little Lies,SHOW,['US'],2017,TV-MA,2.0,7.9
167,Hank Zipzer,SHOW,['GB'],2014,Unknown,3.0,7.9
168,The Closer,SHOW,['US'],2005,TV-MA,7.0,7.9
169,Rap Battlefield,SHOW,['AR'],2021,Unknown,1.0,7.9
170,Step by Step,SHOW,['US'],1991,TV-G,7.0,7.9
171,Who Killed Garrett Phillips?,SHOW,['US'],2019,TV-MA,1.0,7.9
172,"Ed, Edd n Eddy",SHOW,['CA',1999,TV-Y7,6.0,7.9
173,"Ed, Edd n Eddy",SHOW, 'US'],1999,TV-Y7,6.0,7.9
174,The Life & Times of Tim,SHOW,['US'],2008,TV-MA,3.0,7.9
175,Watchmen: Motion Comic,SHOW,['US'],2008,TV-14,1.0,7.9
176,The Gilded Age,SHOW,['US'],2022,TV-MA,1.0,7.9
177,Check It Out! with Dr. Steve Brule,SHOW,['US'],2010,TV-14,4.0,7.9
178,Martin,SHOW,['US'],1992,TV-14,6.0,7.887
179,Foster's Home for Imaginary Friends,SHOW,['US'],2004,TV-Y7,6.0,7.887
180,"What's New, Scooby-Doo?",SHOW,['US'],2002,TV-Y7,3.0,7.885
181,El Negocio (The Business),SHOW,['BR'],2013,TV-MA,4.0,7.877
182,The Big Bang Theory,SHOW,['US'],2007,TV-14,12.0,7.874
183,The Cleaning Lady,SHOW,['US'],2022,TV-14,2.0,7.873
184,Impractical Jokers,SHOW,['US'],2011,TV-14,10.0,7.865
185,ER,SHOW,['US'],1994,TV-14,15.0,7.859
186,Our Flag Means Death,SHOW,['US'],2022,TV-MA,2.0,7.858
187,Flight of the Conchords,SHOW,['US'],2007,TV-MA,2.0,7.849
188,The Batman,SHOW,['US'],2004,TV-Y7,5.0,7.848
189,Barry,SHOW,['US'],2018,TV-MA,3.0,7.845
190,"Scooby-Doo, Where Are You!",SHOW,['US'],1969,TV-G,3.0,7.839
191,One Tree Hill,SHOW,['US'],2003,TV-14,9.0,7.827
192,DC's Stargirl,SHOW,['US'],2020,TV-14,3.0,7.823
193,The O.C.,SHOW,['US'],2003,TV-14,4.0,7.817
194,John Adams,SHOW,['US'],2008,TV-14,1.0,7.806
195,The Larry Sanders Show,SHOW,['US'],1992,TV-MA,6.0,7.8
196,Exterminate All the Brutes,SHOW,['US'],2021,TV-MA,1.0,7.8
197,Cold Case,SHOW,['US'],2003,TV-14,7.0,7.8
198,When Shall We Kiss?,SHOW,['HU'],2011,Unknown,2.0,7.8
199,Green Lantern: The Animated Series,SHOW,['US'],2011,TV-PG,1.0,7.797
200,In Treatment,SHOW,['US'],2008,TV-MA,4.0,7.781
201,The Other Two,SHOW,['US'],2019,TV-MA,2.0,7.773
202,Whose Line Is It Anyway?,SHOW,['US'],1998,TV-14,15.0,7.772
203,Kung Fu,SHOW,['US'],2021,TV-14,3.0,7.747
204,The Venture Bros.,SHOW,['US'],2004,TV-MA,7.0,7.747
205,Sharp Objects,SHOW,['US'],2018,TV-MA,1.0,7.743
206,Watchmen,SHOW,['US'],2019,TV-MA,1.0,7.736
207,Super Friends,SHOW,['US'],1973,TV-Y7,9.0,7.731
208,Chuck,SHOW,['US'],2007,TV-14,5.0,7.727
209,The Young Pope,SHOW,['ES',2016,TV-MA,1.0,7.727
210,The Young Pope,SHOW, 'US',2016,TV-MA,1.0,7.727
211,The Young Pope,SHOW, 'FR',2016,TV-MA,1.0,7.727
212,The Young Pope,SHOW, 'IT',2016,TV-MA,1.0,7.727
213,The Young Pope,SHOW, 'GB'],2016,TV-MA,1.0,7.727
214,The Pacific,SHOW,['US'],2010,TV-MA,1.0,7.723
215,All Rise,SHOW,['US'],2019,TV-MA,3.0,7.715
216,Poor Devil,SHOW,['ES'],2023,TV-MA,1.0,7.714
217,Metalocalypse,SHOW,['US'],2006,TV-MA,5.0,7.7
218,Adam Ruins Everything,SHOW,['US'],2015,TV-14,3.0,7.7
219,Sealab 2021,SHOW,['US'],2000,TV-14,5.0,7.7
220,Black Dynamite,SHOW,['US'],2012,TV-MA,2.0,7.7
221,The Zen Diaries of Garry Shandling,SHOW,['US'],2018,TV-MA,1.0,7.7
222,Looney Tunes Cartoons,SHOW,['US'],2020,TV-PG,5.0,7.7
223,Fixer Upper,SHOW,['US'],2013,TV-G,5.0,7.7
224,We Bare Bears,SHOW,['US'],2015,TV-Y7,4.0,7.7
225,Shaq,SHOW,['US'],2022,TV-14,1.0,7.7
226,The Forgotten Valley,SHOW,['BR'],2022,TV-MA,1.0,7.7
227,Mr. Show with Bob and David,SHOW,['US'],1995,TV-MA,4.0,7.7
228,Abbott Elementary,SHOW,['US'],2021,TV-PG,3.0,7.7
229,Julia,SHOW,['US'],2022,Unknown,1.0,7.7
230,A Black Lady Sketch Show,SHOW,['US'],2019,TV-MA,3.0,7.696
231,Angels in America,SHOW,['US'],2003,TV-MA,1.0,7.696
232,Elvis Presley: The Searcher,SHOW,['US'],2018,TV-PG,1.0,7.667
233,The Deuce,SHOW,['US'],2017,TV-MA,3.0,7.665
234,The Alienist,SHOW,['US'],2018,TV-MA,2.0,7.665
235,Superman: The Animated Series,SHOW,['US'],1996,TV-PG,4.0,7.641
236,Blinded by the Lights,SHOW,['PL'],2018,Unknown,1.0,7.64
237,Dexter's Laboratory,SHOW,['US'],1996,TV-G,4.0,7.639
238,The Leftovers,SHOW,['US'],2014,TV-MA,3.0,7.639
239,Insecure,SHOW,['US'],2016,TV-MA,5.0,7.639
240,Doom Patrol,SHOW,['US'],2019,TV-MA,4.0,7.638
241,Atlanta's Missing and Murdered: The Lost Children,SHOW,['US'],2020,TV-MA,1.0,7.636
242,True Blood,SHOW,['US'],2008,TV-MA,7.0,7.63
243,Robot Chicken,SHOW,['US'],2005,TV-MA,11.0,7.625
244,Clarence,SHOW,['US'],2014,TV-PG,3.0,7.622
245,Gotham,SHOW,['US'],2014,TV-14,5.0,7.606
246,Degrassi,SHOW,['CA'],2001,TV-14,14.0,7.601
247,I Know This Much Is True,SHOW,['US'],2020,TV-MA,1.0,7.6
248,That Damn Michael Che,SHOW,['US'],2021,TV-MA,2.0,7.6
249,The Dog House,SHOW,['GB'],2019,TV-Y7,4.0,7.6
250,The New Pope,SHOW,['FR',2020,TV-MA,1.0,7.6
251,The New Pope,SHOW, 'IT',2020,TV-MA,1.0,7.6
252,The New Pope,SHOW, 'GB',2020,TV-MA,1.0,7.6
253,The New Pope,SHOW, 'ES',2020,TV-MA,1.0,7.6
254,The New Pope,SHOW, 'US'],2020,TV-MA,1.0,7.6
255,I May Destroy You,SHOW,['GB',2020,TV-MA,1.0,7.6
256,I May Destroy You,SHOW, 'US'],2020,TV-MA,1.0,7.6
257,Years and Years,SHOW,['GB'],2019,TV-MA,1.0,7.6
258,Murder on Middle Beach,SHOW,['US'],2020,TV-MA,1.0,7.6
259,What's My Name | Muhammad Ali,SHOW,['US'],2019,TV-14,1.0,7.6
260,Full House,SHOW,['US'],1987,TV-G,8.0,7.592
261,Gossip Girl,SHOW,['US'],2007,TV-14,6.0,8.346
262,Gossip Girl,SHOW,['US'],2021,TV-MA,2.0,7.573
263,And Just Like That...,SHOW,['US'],2021,TV-MA,2.0,7.571
264,Superjail!,SHOW,['US'],2008,TV-MA,4.0,7.568
265,Olive Kitteridge,SHOW,['US'],2014,TV-14,1.0,7.563
266,The White Lotus,SHOW,['US'],2021,TV-MA,2.0,7.561
267,The Middle,SHOW,['US'],2009,TV-PG,9.0,7.556
268,The Sex Lives of College Girls,SHOW,['US'],2021,TV-MA,2.0,7.554
269,Batman: The Brave and the Bold,SHOW,['US'],2008,TV-Y7,3.0,7.545
270,The Undoing,SHOW,['US'],2020,TV-MA,1.0,7.544
271,Our Boys,SHOW,['IL',2019,TV-MA,1.0,7.54
272,Our Boys,SHOW, 'US'],2019,TV-MA,1.0,7.54
273,The Powerpuff Girls,SHOW,['US'],1998,TV-Y7,7.0,7.539
274,The Powerpuff Girls,SHOW,['US'],2016,TV-Y7,3.0,4.865
275,Men of a Certain Age,SHOW,['US'],2009,TV-MA,2.0,7.525
276,Dawson's Creek,SHOW,['US'],1998,TV-PG,6.0,7.5
277,Chewing Gum,SHOW,['GB'],2015,TV-MA,2.0,7.5
278,The Shivering Truth,SHOW,['US'],2018,TV-MA,2.0,7.5
279,Witness,SHOW,['US'],2012,TV-MA,1.0,7.5
280,Crashing,SHOW,['US'],2017,TV-MA,3.0,7.5
281,Real Sports with Bryant Gumbel,SHOW,['US'],1995,TV-PG,29.0,7.5
282,George Harrison: Living in the Material World,SHOW,['US'],2011,Unknown,1.0,7.5
283,The Head,SHOW,['ES',2020,TV-14,2.0,7.495
284,The Head,SHOW, 'JP'],2020,TV-14,2.0,7.495
285,Scooby-Doo and Scrappy-Doo,SHOW,['US'],1979,TV-G,6.0,7.483
286,The Comeback,SHOW,['US'],2005,TV-MA,2.0,7.472
287,Beware the Batman,SHOW,['US'],2013,TV-PG,1.0,7.451
288,Awkwafina Is Nora from Queens,SHOW,['US'],2020,TV-MA,3.0,7.435
289,Harry Potter: Hogwarts Tournament of Houses,SHOW,['US'],2021,TV-PG,1.0,7.423
290,The Republic of Sarah,SHOW,['US'],2021,TV-14,1.0,7.417
291,Hacks,SHOW,['US'],2021,TV-MA,2.0,7.407
292,We Own This City,SHOW,['US'],2022,TV-MA,1.0,7.4
293,Frisky Dingo,SHOW,['US'],2006,TV-MA,2.0,7.4
294,The Brak Show,SHOW,['US',2000,TV-PG,3.0,7.4
295,The Brak Show,SHOW, 'CA'],2000,TV-PG,3.0,7.4
296,Three Busy Debras,SHOW,['US'],2020,TV-MA,2.0,7.4
297,Tim and Eric's Bedtime Stories,SHOW,['US'],2014,TV-14,2.0,7.4
298,I'll Be Gone in the Dark,SHOW,['US'],2020,TV-MA,1.0,7.4
299,"PCC, Secret Power",SHOW,['BR'],2022,TV-MA,1.0,7.4
300,The Carbonaro Effect,SHOW,['US'],2014,TV-14,6.0,7.4
301,A Brutal Pact: The Murder of Daniella Perez,SHOW,['BR'],2022,TV-MA,1.0,7.4
302,Sex and the City,SHOW,['US'],1998,TV-MA,6.0,7.4
303,12 oz. Mouse,SHOW,['US'],2005,TV-MA,3.0,7.4
304,gen:LOCK,SHOW,['US'],2019,TV-14,2.0,7.4
305,"Tim and Eric Awesome Show, Great Job!",SHOW,['US'],2007,TV-MA,5.0,7.4
306,Without a Trace,SHOW,['US'],2002,TV-14,7.0,7.4
307,Wahl Street,SHOW,['US'],2021,TV-MA,2.0,7.4
308,Two Weeks to Live,SHOW,['GB'],2020,TV-MA,1.0,7.395
309,Aqua Teen Hunger Force,SHOW,['US'],2000,TV-MA,11.0,7.387
310,Loiter Squad,SHOW,['US'],2012,TV-MA,3.0,7.385
311,Top Gear,SHOW,['GB'],2002,TV-PG,33.0,7.38
312,The Outsider,SHOW,['US'],2020,TV-MA,1.0,7.378
313,Veep,SHOW,['US'],2012,TV-MA,7.0,7.373
314,The Flintstones,SHOW,['US'],1960,TV-G,6.0,7.371
315,Somebody Somewhere,SHOW,['US'],2022,TV-MA,2.0,7.364
316,The Flight Attendant,SHOW,['US'],2020,TV-MA,2.0,7.36
317,Eastbound & Down,SHOW,['US'],2009,TV-MA,4.0,7.342
318,Bored to Death,SHOW,['US'],2009,TV-MA,3.0,7.341
319,How to Make It in America,SHOW,['US'],2010,TV-MA,2.0,7.337
320,The Lady and the Dale,SHOW,['US'],2021,TV-14,1.0,7.333
321,"The Heart, She Holler",SHOW,['US'],2011,TV-MA,3.0,7.333
322,Entourage,SHOW,['US'],2004,TV-MA,8.0,7.329
323,White House Farm,SHOW,['GB'],2020,TV-MA,1.0,7.329
324,La Jauría,SHOW,['CL'],2020,TV-MA,2.0,7.327
325,George Carlin's American Dream,SHOW,['US'],2022,TV-MA,1.0,7.308
326,Q: Into the Storm,SHOW,['US'],2021,TV-MA,1.0,7.304
327,The Jetsons,SHOW,['US'],1962,TV-G,3.0,7.3
328,In the House,SHOW,['US'],1995,TV-14,5.0,7.3
329,The Trial of Christine Keeler,SHOW,['GB'],2019,Unknown,1.0,7.3
330,"Lucy, the Daughter of the Devil",SHOW,['US'],2005,TV-MA,1.0,7.3
331,Patria,SHOW,['ES'],2020,TV-14,1.0,7.3
332,Being Serena,SHOW,['US'],2018,TV-PG,1.0,7.3
333,Major Crimes,SHOW,['US'],2012,TV-14,6.0,7.3
334,Looking,SHOW,['US'],2014,TV-MA,2.0,7.3
335,Anthony Bourdain: Parts Unknown,SHOW,['US'],2013,TV-PG,12.0,7.3
336,Torchwood,SHOW,['GB'],2006,TV-MA,4.0,7.292
337,Betty,SHOW,['US'],2020,TV-MA,2.0,7.273
338,Lovecraft Country,SHOW,['US'],2020,TV-MA,1.0,7.266
339,Enlightened,SHOW,['US'],2011,TV-MA,2.0,7.238
340,The Wayans Bros.,SHOW,['US'],1995,TV-14,5.0,7.232
341,We Baby Bears,SHOW,['US'],2022,TV-Y7,2.0,7.23
342,Undercurrent: The Disappearance of Kim Wall,SHOW,['US'],2022,TV-MA,1.0,7.222
343,Mosaic,SHOW,['US'],2018,TV-MA,1.0,7.205
344,The Tourist,SHOW,['GB'],2022,TV-MA,1.0,7.2
345,Tuca & Bertie,SHOW,['US'],2019,TV-MA,3.0,7.2
346,Your Pretty Face Is Going to Hell,SHOW,['US'],2013,TV-MA,4.0,7.2
347,The Murders at Starved Rock,SHOW,['US'],2021,TV-14,1.0,7.2
348,The Vow,SHOW,['US'],2020,TV-MA,2.0,7.2
349,Aquaman,SHOW,['US'],1967,TV-Y,1.0,7.2
350,Wellington Paranormal,SHOW,['NZ'],2018,TV-14,4.0,7.2
351,Perry Mason,SHOW,['US'],2020,TV-MA,2.0,7.2
352,Home Movies,SHOW,['US'],1999,TV-MA,4.0,7.2
353,Mildred Pierce,SHOW,['US'],2011,TV-MA,1.0,7.199
354,La Unidad,SHOW,['ES'],2020,Unknown,3.0,7.188
355,30 Coins,SHOW,['ES'],2020,TV-MA,2.0,7.187
356,The Sarah Jane Adventures,SHOW,['GB'],2007,TV-PG,5.0,7.187
357,Scenes from a Marriage,SHOW,['US'],2021,TV-MA,1.0,7.168
358,The Righteous Gemstones,SHOW,['US'],2019,TV-MA,3.0,7.147
359,Walker,SHOW,['US'],2021,TV-14,3.0,7.121
360,McMillions,SHOW,['US'],2020,TV-14,1.0,7.115
361,Miss Sherlock,SHOW,['JP'],2018,TV-14,1.0,7.109
362,Show Me a Hero,SHOW,['US'],2015,TV-MA,1.0,7.108
363,Batwoman,SHOW,['US'],2019,TV-14,3.0,7.104
364,The Great Pottery Throw Down,SHOW,['GB'],2015,TV-14,6.0,7.1
365,The Yogi Bear Show,SHOW,['US'],1961,TV-G,4.0,7.1
366,Queer You Are,SHOW,['ES'],2021,Unknown,1.0,7.1
367,Eagleheart,SHOW,['US'],2011,TV-MA,3.0,7.1
368,Rap Sh!t,SHOW,['US'],2022,TV-MA,2.0,7.1
369,Housing Complex C,SHOW,['US'],2022,TV-MA,1.0,7.1
370,The Bronze Garden,SHOW,['AR'],2017,TV-MA,3.0,7.1
371,The Case Against Adnan Syed,SHOW,['US'],2019,TV-14,1.0,7.1
372,New Looney Tunes,SHOW,['US'],2015,TV-Y7,3.0,7.1
373,I'm Sorry,SHOW,['US'],2017,TV-MA,3.0,7.1
374,The Investigation,SHOW,['DK'],2020,TV-14,1.0,7.1
375,Lois & Clark: The New Adventures of Superman,SHOW,['US'],1993,TV-PG,4.0,7.098
376,Epitaphs,SHOW,['AR'],2004,TV-MA,2.0,7.089
377,Falling Skies,SHOW,['US'],2011,TV-14,5.0,7.074
378,Tom and Jerry in New York,SHOW,['US'],2021,TV-PG,2.0,7.068
379,Jellystone,SHOW,['US'],2021,TV-Y7,2.0,7.058
380,Tiger,SHOW,['US'],2020,TV-MA,1.0,7.056
381,Industry,SHOW,['US'],2020,TV-MA,3.0,7.036
382,Vice Principals,SHOW,['US'],2016,TV-MA,2.0,7.028
383,Station Eleven,SHOW,['US'],2021,TV-MA,1.0,7.027
384,Big Love,SHOW,['US'],2006,TV-MA,5.0,7.025
385,Miracle Workers,SHOW,['US'],2019,TV-14,4.0,7.02
386,Catherine the Great,SHOW,['GB'],2019,TV-MA,1.0,7.012
387,Sesame Street,SHOW,['US'],1969,TV-Y,53.0,7.008
388,Love Spells,SHOW,['MX'],2021,TV-MA,1.0,7.0
389,Para - We Are King,SHOW,['DE'],2021,Unknown,1.0,7.0
390,Rich & Shameless,SHOW,['US'],2022,TV-14,1.0,7.0
391,Good Behavior,SHOW,['US'],2016,TV-MA,2.0,7.0
392,On the Record with Bob Costas,SHOW,['US'],2001,TV-14,5.0,7.0
393,The Parent 'Hood,SHOW,['US'],1995,TV-PG,5.0,7.0
394,Tropical Cop Tales,SHOW,['US'],2019,TV-MA,1.0,7.0
395,Grace,SHOW,['SG'],2014,Unknown,2.0,7.0
396,Folklore,SHOW,['SG'],2018,Unknown,2.0,7.0
397,Who's By Your Side,SHOW,['TW'],2021,Unknown,1.0,7.0
398,Obama: In Pursuit of a More Perfect Union,SHOW,['US'],2021,TV-14,1.0,7.0
399,David Makes Man,SHOW,['US'],2019,Unknown,2.0,7.0
400,Ten Year Old Tom,SHOW,['US'],2021,TV-14,1.0,7.0
401,The Great Soul Food Cook-Off,SHOW,[],2021,Unknown,1.0,7.0
402,The Staircase,SHOW,['US'],2022,TV-MA,1.0,7.0
403,Hard Knocks,SHOW,['US'],2001,TV-MA,18.0,7.0
404,Wonder Woman,SHOW,['US'],1975,TV-PG,3.0,7.0
405,The Smurfs,SHOW,['US'],1981,TV-Y,9.0,6.999
406,Jett,SHOW,['US'],2019,TV-MA,1.0,6.993
407,Happy Endings,SHOW,['US'],2011,TV-14,3.0,6.992
408,Search Party,SHOW,['US'],2016,TV-MA,5.0,6.959
409,Visitors,SHOW,['FR'],2022,TV-MA,1.0,6.957
410,Tenacious D,SHOW,['US'],1997,TV-14,1.0,6.947
411,Mortal Kombat: Conquest,SHOW,['US'],1998,TV-PG,1.0,6.939
412,The Invisible Pilot,SHOW,['US'],2022,TV-MA,1.0,6.938
413,High Maintenance,SHOW,['US'],2016,TV-MA,4.0,6.924
414,Agents of Chaos,SHOW,['US'],2020,TV-MA,1.0,6.917
415,The Prince,SHOW,['US'],2021,TV-MA,1.0,6.917
416,Irma Vep,SHOW,['US'],2022,TV-MA,1.0,6.906
417,The No. 1 Ladies' Detective Agency,SHOW,['GB'],2009,Unknown,1.0,6.905
418,The Girl Before,SHOW,['GB'],2021,TV-MA,1.0,6.9
419,El Hipnotizador,SHOW,['AR',2015,TV-MA,2.0,6.9
420,El Hipnotizador,SHOW, 'BR',2015,TV-MA,2.0,6.9
421,El Hipnotizador,SHOW, 'UY'],2015,TV-MA,2.0,6.9
422,C.B. Strike,SHOW,['GB'],2017,TV-MA,5.0,6.9
423,Squidbillies,SHOW,['US'],2004,TV-14,13.0,6.9
424,Togetherness,SHOW,['US'],2015,TV-MA,2.0,6.9
425,Tom Goes to the Mayor,SHOW,['US'],2004,TV-PG,2.0,6.9
426,Mortal Kombat: Legacy,SHOW,['CA',2011,TV-MA,2.0,6.9
427,Mortal Kombat: Legacy,SHOW, 'US'],2011,TV-MA,2.0,6.9
428,Perfect Life,SHOW,['ES'],2019,TV-MA,2.0,6.9
429,Arliss,SHOW,['US'],1996,TV-MA,7.0,6.9
430,Catch and Kill: The Podcast Tapes,SHOW,['US'],2021,TV-MA,1.0,6.9
431,"I Love You, Now Die: The Commonwealth v. Michelle Carter",SHOW,['US'],2019,TV-MA,1.0,6.879
432,The Plot Against America,SHOW,['US'],2020,TV-MA,1.0,6.845
433,Parade's End,SHOW,['GB'],2012,TV-MA,1.0,6.837
434,Los Espookys,SHOW,['US'],2019,TV-MA,2.0,6.818
435,The Last Movie Stars,SHOW,['US'],2022,TV-MA,1.0,6.8
436,I Hate Suzie,SHOW,['GB'],2020,TV-MA,2.0,6.8
437,Landscapers,SHOW,['US'],2021,TV-MA,1.0,6.8
438,Gunpowder,SHOW,['GB'],2017,TV-MA,1.0,6.8
439,Tell Me You Love Me,SHOW,['US'],2007,TV-MA,1.0,6.8
440,Starstruck,SHOW,['GB'],2021,TV-MA,2.0,6.8
441,Teen Titans Go!,SHOW,['US'],2013,TV-PG,8.0,6.8
442,Hello Ladies,SHOW,['US'],2013,TV-MA,1.0,6.8
443,Tanner '88,SHOW,['US'],1988,Unknown,2.0,6.8
444,Heaven's Gate: The Cult of Cults,SHOW,['US'],2020,TV-MA,1.0,6.792
445,Stath Lets Flats,SHOW,['GB'],2018,TV-MA,3.0,6.789
446,Trixie Motel,SHOW,['US'],2022,TV-14,1.0,6.75
447,Family Matters,SHOW,['US'],1989,TV-G,9.0,6.746
448,Ballers,SHOW,['US'],2015,TV-MA,5.0,6.712
449,Mike & Molly,SHOW,['US'],2010,TV-14,6.0,6.704
450,The Jamie Foxx Show,SHOW,['US'],1996,TV-14,5.0,6.7
451,Billy on the Street,SHOW,['US'],2011,TV-14,6.0,6.7
452,A Different World,SHOW,['US'],1987,TV-14,6.0,6.7
453,Getting On,SHOW,['US'],2013,TV-MA,3.0,6.68
454,Isabel,SHOW,['CL'],2021,TV-MA,1.0,6.679
455,Birdgirl,SHOW,['US'],2021,TV-MA,2.0,6.667
456,This Is Luna,SHOW,['BR'],2022,TV-MA,1.0,6.667
457,Luck,SHOW,['US'],2012,TV-MA,2.0,6.656
458,100 Foot Wave,SHOW,['US'],2021,TV-14,2.0,6.6
459,Mind Over Murder,SHOW,['US'],2022,TV-MA,1.0,6.6
460,DMZ,SHOW,['US'],2022,TV-MA,1.0,6.6
461,The Third Day,SHOW,['US'],2020,TV-MA,1.0,6.6
462,If God Is Willing and da Creek Don't Rise,SHOW,['US'],2010,TV-MA,1.0,6.6
463,Avenue 5,SHOW,['US'],2020,TV-MA,2.0,6.594
464,We're Here,SHOW,['US'],2020,TV-MA,3.0,6.548
465,Family Tree,SHOW,['US',2013,TV-MA,1.0,6.536
466,Family Tree,SHOW, 'GB'],2013,TV-MA,1.0,6.536
467,Adult Material,SHOW,['GB'],2020,TV-MA,1.0,6.526
468,Garfunkel and Oates,SHOW,['US'],2012,TV-MA,1.0,6.5
469,Dolores: The Truth About the Wanninkhof Case,SHOW,['ES'],2021,TV-14,1.0,6.5
470,Delocated,SHOW,['US'],2008,TV-MA,3.0,6.5
471,Small Town News: KPVM Pahrump,SHOW,['US'],2021,TV-14,1.0,6.5
472,Mostly 4 Millennials,SHOW,['US'],2018,TV-MA,1.0,6.5
473,Expecting Amy,SHOW,['US'],2020,TV-MA,1.0,6.5
474,"China, IL",SHOW,['US'],2011,TV-14,3.0,6.5
475,Phoenix Rising,SHOW,['US'],2022,TV-MA,1.0,6.5
476,The Casual Vacancy,SHOW,['GB'],2015,TV-14,1.0,6.5
477,Allen v. Farrow,SHOW,['US'],2021,TV-MA,1.0,6.48
478,John from Cincinnati,SHOW,['US'],2007,TV-MA,1.0,6.45
479,YOLO,SHOW,['US'],2020,TV-14,2.0,6.444
480,Saving the King,SHOW,['ES'],2022,Unknown,1.0,6.4
481,Wipeout,SHOW,['US'],2008,TV-14,7.0,6.4
482,Divorce,SHOW,['US'],2016,TV-MA,3.0,6.4
483,Edge of the Earth,SHOW,['US'],2022,TV-MA,1.0,6.4
484,Random Acts of Flyness,SHOW,['US'],2018,TV-MA,2.0,6.4
485,Naomi,SHOW,['US'],2022,TV-PG,1.0,6.4
486,Laetitia,SHOW,['FR'],2020,Unknown,1.0,6.35
487,The Baby,SHOW,['US'],2022,TV-MA,1.0,6.33
488,Hung,SHOW,['US'],2009,Unknown,3.0,6.3
489,María Marta: The Country Club Crime,SHOW,['AR'],2022,Unknown,1.0,6.3
490,Call Me Kat,SHOW,['US',2021,TV-14,3.0,6.3
491,Call Me Kat,SHOW, 'GB'],2021,TV-14,3.0,6.3
492,A World of Calm,SHOW,['US'],2020,TV-G,1.0,6.3
493,Profugos,SHOW,['CL'],2011,TV-MA,2.0,6.3
494,Paradise,SHOW,['ES'],2021,TV-MA,2.0,6.3
495,The Thaw,SHOW,['PL'],2022,TV-14,1.0,6.278
496,Ben 10,SHOW,['US'],2005,TV-Y7,4.0,8.144
497,Ben 10,SHOW,['US'],2016,TV-Y7,5.0,6.259
498,The Sylvester & Tweety Mysteries,SHOW,['US'],1995,TV-Y7,5.0,6.253
499,Animals.,SHOW,['US'],2016,TV-MA,3.0,6.235
500,Gaming Wall St,SHOW,['US'],2022,TV-MA,1.0,6.222
501,Girls,SHOW,['US'],2012,TV-MA,6.0,6.2
502,Sort Of,SHOW,['CA'],2021,TV-MA,3.0,6.2
503,Full Frontal with Samantha Bee,SHOW,['US'],2016,TV-MA,8.0,6.2
504,15: A Quinceañera Story,SHOW,['US'],2017,TV-PG,1.0,6.2
505,"What Happened, Brittany Murphy?",SHOW,['US'],2021,TV-MA,1.0,6.158
506,Five Days,SHOW,['GB'],2007,TV-MA,2.0,6.143
507,Leaving Neverland,SHOW,['US'],2019,TV-MA,1.0,6.137
508,García!,SHOW,['ES'],2022,TV-MA,1.0,6.1
509,Project Greenlight,SHOW,['US'],2001,TV-MA,4.0,6.1
510,Vote for Juan,SHOW,['ES'],2019,TV-14,3.0,6.067
511,The Teenage Psychic,SHOW,['TW'],2017,Unknown,2.0,6.05
512,Real Time with Bill Maher,SHOW,['US'],2003,TV-MA,21.0,6.015
513,Flordelis: A Family Crime,SHOW,['BR'],2022,Unknown,1.0,6.0
514,"Bilardo, the Soccer Doctor",SHOW,['AR'],2022,TV-MA,1.0,6.0
515,Halfworlds,SHOW,['ID'],2015,Unknown,3.0,6.0
516,Adventure of the Ring,SHOW,['TW'],2020,TV-14,1.0,6.0
517,Mamon,SHOW,['CZ'],2015,TV-MA,1.0,6.0
518,Hangin' with Mr. Cooper,SHOW,['US'],1992,TV-PG,5.0,6.0
519,Saving My Tomorrow,SHOW,['US'],2014,TV-G,1.0,6.0
520,Ballmastrz: 9009,SHOW,['US'],2018,TV-14,2.0,6.0
521,Dream Raider,SHOW,['TW'],2020,TV-MA,1.0,6.0
522,The Weight Of The Nation For Kids,SHOW,['US'],2012,Unknown,1.0,6.0
523,PAUSE with Sam Jay,SHOW,['US'],2021,TV-MA,2.0,6.0
524,Unveiled: Surviving La Luz del Mundo,SHOW,['US'],2022,TV-MA,1.0,6.0
525,I Don't Like Driving,SHOW,['ES'],2022,Unknown,1.0,6.0
526,Happily Ever After: Fairy Tales for Every Child,SHOW,['US'],1995,TV-Y,3.0,6.0
527,El Pionero,SHOW,['ES'],2019,Unknown,1.0,6.0
528,2 Dope Queens,SHOW,['US'],2018,TV-MA,2.0,5.9
529,Bugs Bunny Builders,SHOW,['US'],2022,TV-Y,1.0,5.9
530,Room 104,SHOW,['US'],2017,TV-MA,4.0,5.882
531,Queen Stars Brazil,SHOW,['BR'],2022,TV-14,1.0,5.8
532,4 Blocks,SHOW,['DE'],2017,TV-PG,3.0,5.748
533,Grisse,SHOW,['ID'],2018,Unknown,1.0,5.6
534,Apple & Onion,SHOW,['US'],2018,TV-Y7,3.0,5.6
535,The Hype,SHOW,['US'],2021,Unknown,2.0,5.5
536,Sweet Life: Los Angeles,SHOW,['US'],2021,Unknown,2.0,5.5
537,Black and Missing,SHOW,['US'],2021,TV-MA,1.0,5.5
538,The Anarchists,SHOW,['US'],2022,TV-MA,1.0,5.5
539,Other Parents,SHOW,['DE'],2019,Unknown,2.0,5.4
540,One Perfect Shot,SHOW,['US'],2022,TV-MA,1.0,5.4
541,Oh Hell,SHOW,['DE'],2022,TV-MA,1.0,5.4
542,Black Jesus,SHOW,['US'],2014,TV-MA,3.0,5.4
543,How to Screw It All Up,SHOW,['ES'],2022,TV-MA,1.0,5.3
544,Possessions,SHOW,['FR',2020,Unknown,1.0,5.25
545,Possessions,SHOW, 'IL'],2020,Unknown,1.0,5.25
546,Rachel Dratch's Late Night Snack,SHOW,['US'],2016,Unknown,2.0,5.0
547,Hack My Life,SHOW,['US'],2015,TV-14,6.0,5.0
548,Irina Rimes: On My Way,SHOW,['RO'],2022,TV-MA,1.0,5.0
549,Low Country: The Murdaugh Dynasty,SHOW,['US'],2022,TV-MA,1.0,5.0
550,Total DramaRama,SHOW,['CA'],2018,TV-Y7,3.0,5.0
551,Level Playing Field,SHOW,['US'],2021,TV-14,1.0,5.0
552,Food Lore,SHOW,['SG'],2019,Unknown,1.0,5.0
553,The Powerpuff Girls,SHOW,['US'],1998,TV-Y7,7.0,7.539
554,The Powerpuff Girls,SHOW,['US'],2016,TV-Y7,3.0,4.865
555,Menudo: Forever Young,SHOW,['US'],2022,TV-MA,1.0,4.7
556,Head Over Heels,SHOW,['CZ'],2014,Unknown,2.0,4.5
557,Not So Pretty,SHOW,['US'],2022,TV-14,1.0,4.5
558,The Big Brunch,SHOW,['US'],2022,TV-MA,1.0,4.5
559,The Jellies,SHOW,['US'],2017,TV-MA,2.0,4.5
560,Game Theory with Bomani Jones,SHOW,['US'],2022,TV-MA,2.0,4.3
561,Tom Swift,SHOW,['US'],2022,TV-14,1.0,4.2
562,Funny or Die Presents,SHOW,['US'],2010,TV-MA,3.0,4.0
563,Sex Diaries,SHOW,['US'],2015,Unknown,1.0,4.0
564,El gran sarao,SHOW,['ES'],2022,Unknown,1.0,4.0
565,Chillin Island,SHOW,['US'],2021,TV-MA,1.0,4.0
566,The Chris Rock Show,SHOW,['US'],1997,TV-MA,4.0,4.0
567,Maine Cabin Masters,SHOW,['US'],2017,TV-PG,8.0,3.7
568,Singletown,SHOW,['GB'],2019,Unknown,1.0,3.5
569,Velma,SHOW,['US'],2023,TV-MA,1.0,3.399
570,Hostages,SHOW,['US'],2022,TV-MA,1.0,3.0
571,HBO Comedy Half Hour,SHOW,['US'],1995,Unknown,5.0,3.0
572,Fast Foodies,SHOW,['US'],2021,TV-14,2.0,3.0
573,Dane Cook's Tourgasm,SHOW,['US'],2006,TV-MA,1.0,3.0
574,Who's Talking to Chris Wallace?,SHOW,['US'],2022,TV-MA,1.0,3.0
575,Teenage Euthanasia,SHOW,['US'],2021,TV-14,2.0,2.5
576,Blippi,SHOW,['US'],2014,TV-Y7,3.0,2.0
577,Branson,SHOW,['US'],2022,TV-14,1.0,2.0
578,Take Out with Lisa Ling,SHOW,['US'],2022,TV-PG,1.0,2.0
579,Lellobee City Farm,SHOW,['US'],2022,TV-Y,1.0,2.0
580,Brené Brown: Atlas of the Heart,SHOW,['US'],2022,Unknown,1.0,2.0
581,Mecha Builders,SHOW,['US'],2022,TV-Y,1.0,2.0
582,12 Dates of Christmas,SHOW,['US'],2020,TV-MA,2.0,2.0
583,Blippi Wonders,SHOW,['US'],2021,TV-Y,1.0,1.583
584,Inn the Works,SHOW,['US'],2021,Unknown,1.0,1.0
585,Family Dinner,SHOW,['US'],2022,TV-G,3.0,1.0
586,Through Our Eyes,SHOW,['US'],2021,TV-PG,1.0,1.0
