,Type,Title,Country,Cast,Release Year,Date Added,Rating,Duration,Genres,Vote Average
120,TV Show,Disney Roll It Back (Shorts),Unknown,"Ramon Reed, Kaylin Hayman, Suzi Barrett, Tobie Windham, JC Currais",2019,"February 26, 2021",TV-Y7,1 Season,"Comedy, Docuseries, Family",10.0
65,TV Show,When Sharks Attack,United States,Eric Meyers,2013,"July 9, 2021",TV-14,7 Seasons,Reality,10.0
175,TV Show,Disney Junior Music Lullabies,Unknown,Unknown,2018,"July 17, 2020",TV-Y,1 Season,"Animation, Kids, Music",10.0
54,TV Show,Disney Junior T.O.T.S.,United States,"Vanessa Williams, Megan Hilty, Jet Jurgensmeyer, Christian Simon",2018,"July 28, 2021",TV-Y,2 Seasons,"Animation, Buddy, Kids",10.0
156,TV Show,Ancient China from Above,United States,Dr. Allan Maca,2020,"September 18, 2020",TV-14,1 Season,"Docuseries, Historical",10.0
155,TV Show,Wild Central America,Unknown,Nigel Marven,2020,"September 25, 2020",TV-PG,1 Season,"Action-Adventure, Animals & Nature, Docuseries",10.0
253,TV Show,Bug Juice: My Adventures at Camp,United States,Unknown,2017,"November 12, 2019",TV-G,1 Season,"Coming of Age, Docuseries, Family",10.0
132,TV Show,Disney Fam Jam,United States,"Phil Wright, Ariel Martin, Trevor Tordjman",2020,"January 8, 2021",TV-G,1 Season,"Family, Game Show / Competition, Reality",10.0
3,TV Show,Secrets of the Zoo: Tampa,United States,"Dr. Ray Ball, Dr. Lauren Smith, Chris Massaro, Tiffany Burns, Mike Burns, Melinda Mendolusky",2019,"November 24, 2021",TV-PG,2 Seasons,"Animals & Nature, Docuseries, Family",9.6
152,TV Show,The Rocketeer,United States,"Kitana Turnbull, Billy Campbell, Kathy Najimy, Callan Farris, Frank Welker",2019,"October 16, 2020",TV-Y,1 Season,"Action-Adventure, Animation, Kids",9.0
158,TV Show,Coop & Cami Ask The World,United States,"Ruby Turner, Dakota Lotus, Olivia Sanabia, Albert Tsai, Paxton Booth, Rebecca Metz",2018,"September 18, 2020",TV-G,2 Seasons,"Comedy, Family, Kids",9.0
255,TV Show,Coop & Cami Ask The World (Shorts),Unknown,Unknown,2018,"November 12, 2019",TV-G,1 Season,"Comedy, Family, Game Show / Competition",9.0
43,TV Show,Life Below Zero: Next Generation,United States,Mocean Melvin,2020,"August 25, 2021",TV-14,2 Seasons,"Action-Adventure, Animals & Nature, Docuseries",8.8
177,TV Show,Wild Chile,United Kingdom,Peter Venn,2017,"July 17, 2020",TV-PG,1 Season,"Animals & Nature, Docuseries, Family",8.75
60,TV Show,Meet Spidey and His Amazing Friends (Shorts),Unknown,"Ben Valic, Melanie Minichino",2021,"July 21, 2021",TV-Y,1 Season,"Action-Adventure, Animation, Kids",8.648
59,TV Show,Disney The Owl House,"United States, United Kingdom","Sarah-Nicole Robles, Wendie Malick, Alex Hirsch, Tati Gabrielle, Issac Brown, Mae Whitman",2020,"July 21, 2021",TV-Y7,2 Seasons,"Action-Adventure, Animation, Anime",8.648
82,TV Show,Disney Sydney To The Max,United States,"Ruth Righi, Ava Kolker, Jackson Dollinger, Christian Simon, Ian Kesler, Caroline Rhea",2018,"May 28, 2021",TV-G,3 Seasons,"Comedy, Coming of Age, Family",8.571
81,TV Show,Bluey,"Australia, United Kingdom","Dave Mccormack, Melanie Zanetti, Brad Elliot, Hsiao-Ling Tang",2019,"May 28, 2021",TV-Y,2 Seasons,"Animation, Kids",8.571
34,TV Show,Unknown Waters with Jeremy Wade,Unknown,Jeremy Wade,2021,"September 15, 2021",TV-14,1 Season,"Animals & Nature, Docuseries",8.5
97,TV Show,Adventures in Wonderland,Unknown,"Patrick Richwood, Reece Holland, John Robert Hoffman, Wesley Mann, Harry Waters Jr., John Lovelady",1996,"April 30, 2021",TV-G,1 Season,"Fantasy, Musical",8.5
0,TV Show,The Beatles: Get Back,Unknown,"John Lennon, Paul McCartney, George Harrison, Ringo Starr",2021,"November 25, 2021",Unknown,1 Season,"Docuseries, Historical, Music",8.48
219,TV Show,Star Wars: The Clone Wars,United States,"Tom Kane, Matt Lanter, Ashley Eckstein, James Arnold Taylor, Dee Baker, Corey Burton",2008,"February 21, 2020",TV-PG,7 Seasons,"Action-Adventure, Animation, Science Fiction",8.469
146,TV Show,The Mandalorian,United States,"Pedro Pascal, Carl Weathers, Gina Carano, Omid Abtahi, Nick Nolte",2019,"October 30, 2020",TV-14,2 Seasons,"Action-Adventure, Family, Science Fiction",8.463
178,TV Show,Cosmos: A Spacetime Odyssey,United States,"Neil Tyson, Stoney Emshwiller",2013,"July 10, 2020",TV-PG,1 Season,"Action-Adventure, Docuseries, Family",8.442
38,TV Show,The Incredible Dr. Pol,United States,"Rick Robles, Dr. Pol",2011,"September 8, 2021",TV-14,19 Seasons,"Animals & Nature, Docuseries, Family",8.4
223,TV Show,High School Musical: The Musical: The Series: The Sing-Along,Unknown,"Olivia Rodrigo, Joshua Bassett, Matt Cornett, Sofia Wylie, Larry Saperstein",2019,"January 17, 2020",TV-PG,1 Season,"Comedy, Coming of Age, Drama",8.4
295,TV Show,Girl Meets World,United States,"Rowan Blanchard, Ben Savage, Sabrina Carpenter, Peyton Meyer, August Maturo, Danielle Fishel",2013,"November 12, 2019",TV-G,3 Seasons,"Comedy, Coming of Age, Family",8.394
252,TV Show,Boy Meets World,United States,"Ben Savage, William Daniels, Betsy Randle, Will Friedle, Rider Strong, Lee Norris",1993,"November 12, 2019",TV-PG,7 Seasons,"Comedy, Coming of Age, Family",8.33
307,TV Show,Kickin' It,United States,"Leo Howard, Dylan Snyder, Mateo Arias, Olivia Holt, Alex Jones, Jason Earles",2010,"November 12, 2019",TV-PG,4 Seasons,"Action-Adventure, Comedy, Coming of Age",8.3
96,TV Show,Spider-Man,United States,"Christopher Daniel Barnes, Edward Asner, Linda Gray, Rodney Saulsberry, Liz Georges, Saratoga Ballantine",1994,"May 3, 2021",TV-Y7,5 Seasons,"Action-Adventure, Animation, Kids",8.3
169,TV Show,UFO Europe: The Untold Stories,Unknown,Robert Ashby,2012,"August 7, 2020",TV-PG,1 Season,"Docuseries, Reality",8.3
124,TV Show,Secrets of Sulphur Springs,United States,"Preston Oliver, Kyliegh Curran, Elle Graham, Madeleine McGraw, Landon Gordon, Kelly Frye",2021,"February 26, 2021",TV-PG,1 Season,"Family, Fantasy, Mystery",8.3
91,TV Show,Special Agent Oso,"United States, United Kingdom, South Korea","Sean Astin, Meghan Strange, Gary Anthony Williams, Amber Hood, Cam Clarke, Phill Lewis",2009,"May 14, 2021",TV-Y,2 Seasons,"Action-Adventure, Animation, Kids",8.267
95,TV Show,The Bad Batch,Unknown,Dee Bradley Baker,2021,"May 4, 2021",TV-PG,1 Season,"Action-Adventure, Animation, Science Fiction",8.267
131,TV Show,WandaVision,United States,"Elizabeth Olsen, Paul Bettany, Teyonah Parris, Kathryn Hahn, Randall Park, Kat Dennings",2021,"January 15, 2021",TV-14,1 Season,"Drama, Fantasy, Mystery",8.262
355,TV Show,The Avengers: Earth's Mightiest Heroes,United States,"Eric Loomis, Bumper Robinson, Dawn Olivera, Phil LaMarr, Alex Desert, Kari Wuhrer",2010,"November 12, 2019",TV-Y7,2 Seasons,"Action-Adventure, Animation, Kids",8.211
49,TV Show,What If...?,Unknown,Unknown,2021,"August 11, 2021",TV-14,1 Season,"Action-Adventure, Animation, Anthology",8.202
237,TV Show,Year Million,United States,Laurence Fishburne,2016,"January 1, 2020",TV-PG,1 Season,"Docuseries, Science Fiction",8.2
180,TV Show,Disney A.N.T. Farm,United States,"China McClain, Sierra McCormick, Jake Short, Stefanie Scott, Carlon Jeffery",2011,"June 26, 2020",TV-G,3 Seasons,"Comedy, Coming of Age, Music",8.2
179,TV Show,Animal ER,United States,Dr. Brian Beale,2016,"July 3, 2020",TV-PG,2 Seasons,"Animals & Nature, Docuseries, Family",8.2
50,TV Show,Cesar Millan: Better Human Better Dog,Unknown,Dustin Rubin,2021,"August 4, 2021",TV-14,1 Season,"Animals & Nature, Docuseries, Family",8.2
248,TV Show,Best Friends Whenever,United States,"Lauren Taylor, Shelby Bender, Gus Kamp, Ricky Garcia, Benjamin Royer, Matthew Royer",2015,"November 12, 2019",TV-G,2 Seasons,"Buddy, Comedy, Coming of Age",8.184
249,TV Show,Big City Greens (Shorts),Unknown,Unknown,2017,"November 12, 2019",TV-Y7,1 Season,"Action-Adventure, Animation, Comedy",8.184
250,TV Show,Big Hero 6 The Series (Shorts),Unknown,Unknown,2017,"November 12, 2019",TV-Y7,2 Seasons,"Action-Adventure, Animation, Comedy",8.184
309,TV Show,Lab Rats,United States,"Billy Unger, Spencer Boldman, Kelli Berglund, Tyrel Williams, Hal Sparks",2011,"November 12, 2019",TV-Y7,4 Seasons,"Action-Adventure, Comedy, Coming of Age",8.178
310,TV Show,LEGO Disney Frozen: Northern Lights (Shorts),United States,Unknown,2016,"November 12, 2019",TV-Y7,1 Season,"Action-Adventure, Animation, Comedy",8.178
78,TV Show,Loki,Unknown,Tom Hiddleston,2021,"June 9, 2021",TV-14,1 Season,"Action-Adventure, Fantasy, Science Fiction",8.165
105,TV Show,Kick Buttowski: Suburban Daredevil,United States,"Charlie Schlatter, Matt Jones, Danny Cooksey",2010,"April 9, 2021",TV-Y7,2 Seasons,"Action-Adventure, Animation",8.163
247,TV Show,Andi Mack,United States,"Peyton Lee, Joshua Rush, Sofia Wylie, Asher Angel, Lilan Bowden, Lauren Tom",2016,"November 12, 2019",TV-G,3 Seasons,"Comedy, Coming of Age, Drama",8.157
113,TV Show,The Mighty Ducks: Game Changers,Unknown,Unknown,2021,"March 26, 2021",TV-PG,1 Season,"Comedy, Drama, Sports",8.143
114,TV Show,Disney Big Hero 6 The Series,United States,"Scott Adsit, Ryan Potter, Brooks Wheelan, Jamie Chung, Khary Payton, Genesis Rodriguez",2017,"March 19, 2021",TV-G,3 Seasons,"Action-Adventure, Animation, Kids",8.143
359,TV Show,The Muppets (Series),United States,"Bill Barretta, Dave Goelz, Eric Jacobson, Peter Linz, David Rudman, Matt Vogel",2015,"November 12, 2019",TV-PG,1 Season,Comedy,8.14
358,TV Show,The Imagineering Story,United States,Unknown,2019,"November 12, 2019",TV-PG,1 Season,"Docuseries, Historical",8.14
99,TV Show,Liv and Maddie,United States,"Dove Cameron, Joey Bragg, Tenzing Norgay Trainor, Kali Rocha, Benjamin King",2013,"April 23, 2021",TV-G,4 Seasons,"Comedy, Coming of Age, Kids",8.116
163,TV Show,Violetta,Argentina,"Diego Ramos, Martina Stoessel, Pablo Espinosa, Jorge Blanco, Mercedes Lambre, Nicolás Garnier",2011,"September 18, 2020",TV-G,3 Seasons,"Coming of Age, Drama, Music",8.107
367,TV Show,Wizards of Waverly Place,United States,"Selena Gomez, David Henrie, Jake Austin, Jennifer Stone, Maria Canals-Barrera, David DeLuise",2007,"November 12, 2019",TV-G,4 Seasons,"Comedy, Coming of Age, Fantasy",8.1
294,TV Show,Gargoyles,United States,"Thom Hernandez, Edward Asner, Jeff Bennett, Keith David, Bill Fagerbakke, Jonathan Frakes",1994,"November 12, 2019",TV-Y7,3 Seasons,"Action-Adventure, Animation, Fantasy",8.1
306,TV Show,Jessie,United States,"Debby Ryan, Peyton List, Cameron Boyce, Karan Brar, Skai Jackson, Kevin Chamberlin",2011,"November 12, 2019",TV-PG,4 Seasons,"Comedy, Coming of Age, Family",8.083
33,TV Show,Miraculous: Tales Of Ladybug & Cat Noir,"France, South Korea, Japan, United States","Cristina Vee, Bryce Papenbrook, Keith Silverstein, Mela Lee, Max Mittelman, Carrie Keranen",2015,"September 15, 2021",TV-Y7,1 Season,"Action-Adventure, Animation, Fantasy",8.044
301,TV Show,High School Musical: The Musical: The Series,United States,"Olivia Rodrigo, Joshua Bassett, Matt Cornett, Sofia Wylie, Larry Saperstein",2019,"November 12, 2019",TV-PG,2 Seasons,"Comedy, Coming of Age, Drama",8.007
186,TV Show,Secrets of Wild India,United Kingdom,David Attenborough,2012,"June 5, 2020",TV-PG,1 Season,"Animals & Nature, Docuseries, Family",8.0
24,TV Show,Great Barrier Reef,Unknown,Don Halbert,2020,"September 29, 2021",TV-PG,1 Season,"Animals & Nature, Docuseries",8.0
28,TV Show,The Simpsons,United States,"Dan Castellaneta, Julie Kavner, Nancy Cartwright, Yeardley Smith, Hank Azaria, Pamela Hayden",1989,"September 29, 2021",TV-PG,32 Seasons,"Animation, Comedy",8.0
229,TV Show,Wild Russia,Unknown,Liam Teeling,2018,"January 15, 2020",TV-PG,1 Season,"Animals & Nature, Docuseries",8.0
101,TV Show,Big Shot,Unknown,"John Stamos, Jessalyn Gilsig, Yvette Nicole Brown, Richard Robichaux, Sophia Mitri Schloss, Nell Verlaque",2021,"April 16, 2021",TV-PG,1 Season,"Comedy, Drama, Sports",8.0
125,TV Show,The Muppet Show,"United States, United Kingdom","Jim Henson, Frank Oz, Dave Goelz, Richard Hunt, Eren Ozker, John Lovelady",1976,"February 19, 2021",TV-PG,5 Seasons,"Comedy, Family, Variety",7.984
210,TV Show,Sonny With A Chance,United States,"Demi Lovato, Tiffany Thornton, Sterling Knight, Brandon Smith, Doug Brochu, Allisyn Arm",2008,"April 3, 2020",TV-G,2 Seasons,"Comedy, Coming of Age, Romance",7.972
369,TV Show,X-Men: Evolution,United States,"Noel Fisher, Vincent Gale, Christopher Judge, David Kaye, Scott McNeil, Meghan Black",2000,"November 12, 2019",TV-Y7,4 Seasons,"Action-Adventure, Animation, Kids",7.967
69,TV Show,Disney Raven's Home,United States,"Raven-Symoné , Issac Brown, Navia Robinson, Jason Maybaum, Sky Katz, Anneliese van der Pol",2016,"July 2, 2021",TV-G,4 Seasons,"Comedy, Family, Fantasy",7.96
298,TV Show,Great Migrations,United States,Alec Baldwin,2010,"November 12, 2019",TV-PG,1 Season,"Animals & Nature, Docuseries, Survival",7.958
51,TV Show,Walt Disney Animation Studios: Short Circuit Experimental Films,Unknown,Unknown,2020,"August 4, 2021",PG,2 Seasons,"Animation, Anthology, Family",7.95
1,TV Show,Hawkeye,Unknown,"Jeremy Renner, Hailee Steinfeld, Vera Farmiga, Fra Fee, Tony Dalton, Zahn McClarnon",2021,"November 24, 2021",TV-14,1 Season,"Action-Adventure, Superhero",7.945
123,TV Show,Pair of Kings,United States,"Mitchel Musso, Doc Shaw, Kelsey Chow, Ryan Ochoa, Geno Segers",2010,"February 26, 2021",TV-Y7,3 Seasons,"Action-Adventure, Comedy, Coming of Age",7.938
100,TV Show,Secrets of the Whales,Unknown,"Sigourney Weaver, James Cameron, Brian Skerry",2021,"April 22, 2021",TV-PG,1 Season,"Animals & Nature, Docuseries",7.933
162,TV Show,Soy Luna,"Argentina, Mexico","Karol Sevilla, Ruggero Pasquarelli, Valentina Zenere, Lucila Gandolfo, Michael Ronda, Carolina Kopelioff",2015,"September 18, 2020",TV-G,3 Seasons,"Comedy, Coming of Age, Drama",7.933
363,TV Show,The Suite Life On Deck,United States,"Cole Sprouse, Dylan Sprouse, Brenda Song, Debby Ryan, Phill Lewis",2008,"November 12, 2019",TV-G,3 Seasons,"Action-Adventure, Comedy, Coming of Age",7.913
233,TV Show,One Strange Rock,United States,Will Smith,2017,"January 1, 2020",TV-PG,1 Season,"Animals & Nature, Docuseries, Family",7.9
235,TV Show,The Proud Family,United States,"Tommy Davidson, Paula Parker, Jo Payton, Kyla Pratt, Tara Strong, Karen White",2001,"January 1, 2020",TV-G,2 Seasons,"Animation, Comedy, Coming of Age",7.9
108,TV Show,Secrets Of The Zoo,Unknown,Mocean Melvin,2017,"April 2, 2021",TV-PG,4 Seasons,"Animals & Nature, Docuseries, Family",7.9
296,TV Show,Good Luck Charlie,United States,"Bridgit Mendler, Leigh-Allyn Baker, Bradley Perry, Mia Talerico, Eric Kramer, Jason Dolley",2009,"November 12, 2019",TV-G,4 Seasons,"Comedy, Coming of Age, Family",7.897
140,TV Show,Bia,Argentina,"Isabela Souza, Giulia Guerrini, Julio Peña, Guido Messina, Andrea de Alba, Agustina Palma",2019,"November 20, 2020",TV-G,1 Season,"Coming of Age, Drama, Music",7.891
339,TV Show,Phineas and Ferb,"United States, South Korea, China, Taiwan","Vincent Martella, Ashley Tisdale, Thomas Sangster, Caroline Rhea, Alyson Stoner, Mitchel Musso",2007,"November 12, 2019",TV-G,4 Seasons,"Action-Adventure, Animation, Comedy",7.86
85,TV Show,Big City Greens,"United States, South Korea","Chris Houghton, Marieve Herington, Bob Joles, Artemis Pebdani",2017,"May 21, 2021",TV-Y7,2 Seasons,"Action-Adventure, Animation, Comedy",7.829
117,TV Show,American Dragon: Jake Long,United States,"Dante Basco, Jeff Bennett, Amy Bruckner, John DiMaggio, Charlie Finn, Kittie",2004,"February 26, 2021",TV-Y7,2 Seasons,"Action-Adventure, Animation, Comedy",7.811
22,TV Show,Disney Vampirina,"Ireland, United States","Isabella Crovetti, Lauren Graham, James Van Der Beek, Jordan Davis, Wanda Sykes, Mitchell Whitfield",2017,"September 29, 2021",TV-Y7,3 Seasons,"Animation, Fantasy, Kids",7.81
21,TV Show,The Ghost and Molly McGee,United States,"Ashly Burch, Dana Snyder",2021,"October 6, 2021",TV-Y7,1 Season,"Animation, Buddy, Coming of Age",7.81
39,TV Show,Alaska Animal Rescue,United States,Victoria Vosburg,2019,"September 1, 2021",TV-PG,2 Seasons,"Animals & Nature, Docuseries, Family",7.8
79,TV Show,Gordon Ramsay: Uncharted,United States,Gordon Ramsay,2018,"June 4, 2021",TV-14,3 Seasons,"Action-Adventure, Docuseries, Lifestyle",7.8
349,TV Show,Spider-Woman,United States,"Joan Ark, Bruce Miller, Bryan Scott, Lou Krugman, Dick Tufeld",1979,"November 12, 2019",TV-Y7,1 Season,"Action-Adventure, Animation, Kids",7.8
67,TV Show,Mickey Mouse Mixed-Up Adventures,United States,"Bret Iwan, Russi Taylor, Bill Farmer, Daniel Ross, Tress MacNeile",2019,"July 7, 2021",TV-Y,1 Season,"Animation, Kids, Sports",7.8
128,TV Show,Dinosaurs,United States,Unknown,1991,"January 29, 2021",TV-PG,4 Seasons,"Comedy, Family",7.782
139,TV Show,Party Animals,Unknown,Unknown,2016,"November 27, 2020",TV-G,1 Season,"Animals & Nature, Kids, Music",7.75
77,TV Show,Zenimation,United States,Unknown,2020,"June 11, 2021",TV-G,2 Seasons,"Animation, Anthology, Family",7.75
228,TV Show,The Lodge,United Kingdom,"Sophie Simnett, Luke Newton, Thomas Doherty, Bethan Wright, Jayden Revri, Jade Alleyne",2016,"January 15, 2020",TV-G,2 Seasons,"Coming of Age, Drama, Musical",7.75
184,TV Show,Mighty Med,United States,"Bradley Perry, Jake Short, Paris Berelc, Devan Leos",2013,"June 12, 2020",TV-Y7,2 Seasons,"Comedy, Coming of Age, Medical",7.746
109,TV Show,Star Wars Vintage: Clone Wars 2D Micro-Series,Unknown,"Mat Lucas, James Arnold Taylor, Tom Kane, Grey DeLisle, Corey Burton, André Sogliuzzo",2021,"April 2, 2021",TV-Y7-FV,1 Season,Series,7.728
285,TV Show,Disney's The Emperor's New School,United States,"Shane Baumel, Jessica DiCicco, Wendie Malick, Fred Tatasciore, Jeff Bennett, Jessie Flower",2005,"November 12, 2019",TV-G,2 Seasons,"Animation, Comedy, Coming of Age",7.72
286,TV Show,Disney's The Little Mermaid (Series),United States,"Jodi Benson, Samuel Wright, Ken Mars, Edan Gross",1992,"November 12, 2019",TV-Y7,3 Seasons,"Action-Adventure, Animation, Fantasy",7.72
284,TV Show,Disney's Recess,United States,"Rickey Collins, Jason Davis, Ashley Johnson, Ross Malinger, Courtland Mead, Pamela Segall",1997,"November 12, 2019",TV-Y7,3 Seasons,"Animation, Comedy, Kids",7.72
362,TV Show,The Suite Life of Zack & Cody,United States,"Cole Sprouse, Dylan Sprouse, Brenda Song, Ashley Tisdale, Phill Lewis, Kim Rhodes",2004,"November 12, 2019",TV-G,3 Seasons,"Action-Adventure, Comedy, Coming of Age",7.716
372,TV Show,Disney Mech-X4,Canada,"Nathaniel Potvin, Raymond Cham, Kamran Lucas, Pearce Joza",2016,,TV-Y7,2 Seasons,"Action-Adventure, Comedy, Science Fiction",7.714
371,TV Show,Disney Kirby Buckets,United States,"Jacob Bertrand, Mekai Curtis, Cade Sutton, Olivia Stuck, Tiffany Espensen",2014,,TV-Y7,3 Seasons,"Action-Adventure, Comedy, Coming of Age",7.714
370,TV Show,Smart Guy,United States,"Tahj Mowry, John Jones, Jason Weaver, Essence Atkins",1996,"October 1, 2019",TV-G,3 Seasons,"Comedy, Coming of Age, Kids",7.714
136,TV Show,On Pointe,United States,Unknown,2020,"December 18, 2020",TV-PG,1 Season,"Docuseries, Family",7.714
71,TV Show,The Mysterious Benedict Society,United States,"Tony Hale, Kristen Schaal, Mystic Inscho, Seth Carr, Marta Kessler, Emmy DeOliveira",2021,"June 25, 2021",TV-PG,1 Season,"Action-Adventure, Family",7.707
343,TV Show,Shake It Up,United States,"Bella Thorne, Zendaya , Davis Cleveland, Roshon Fegan, Adam Irigoyen, Kenton Duty",2010,"November 12, 2019",TV-G,3 Seasons,"Buddy, Comedy, Coming of Age",7.701
35,TV Show,"Doogie Kamealoha, M.D.",United States,"Peyton Elizabeth Lee, Emma Meisel, Matthew Sato, Wes Tian, Jeffrey Bowyer-Chapman, Mapuana Makia",2021,"September 8, 2021",TV-PG,1 Season,"Comedy, Coming of Age, Family",7.7
196,TV Show,Disney Prop Culture,United States,Daniel Lanigan,2020,"May 1, 2020",TV-PG,1 Season,Docuseries,7.7
12,TV Show,Apollo: Back To The Moon,Unknown,"Bill Anders, Jack Clemons, Fred Haise, Glynn Lunney, Jay Barbree, Brad Vinikow",2019,"October 13, 2021",TV-PG,1 Season,"Docuseries, Historical",7.7
115,TV Show,The Falcon and The Winter Soldier,Unknown,"Anthony Mackie, Sebastian Stan, Daniel Brühl, Emily VanCamp, Wyatt Russell",2021,"March 19, 2021",TV-14,1 Season,"Action-Adventure, Buddy, Science Fiction",7.7
302,TV Show,Hostile Planet,United States,Bear Grylls,2019,"November 12, 2019",TV-PG,1 Season,"Animals & Nature, Docuseries, Survival",7.692
351,TV Show,Star Wars Rebels,United States,"Taylor Gray, Vanessa Marshall, Freddie Prinze Jr., Tiya Sircar, Steve Blum, C1-10P a.k.a. ""Chopper""",2014,"November 12, 2019",TV-Y7,4 Seasons,"Action-Adventure, Animation, Kids",7.686
352,TV Show,Star Wars Rebels (Shorts),Unknown,Unknown,2014,"November 12, 2019",TV-Y7,1 Season,"Action-Adventure, Animation, Kids",7.686
321,TV Show,Marvel Ultimate Spider-Man,United States,"Drake Bell, Chi McBride, Steven Weber, J.K. Simmons, Tom Kenny, Clark Gregg",2011,"November 12, 2019",TV-Y7,4 Seasons,"Action-Adventure, Animation, Fantasy",7.667
236,TV Show,The Super Hero Squad,United States,"Grey DeLisle, Steve Blum, Mikey Kelly, Charlie Adler, Mark Hamill, Tom Kenny",2009,"January 1, 2020",TV-Y7,2 Seasons,"Action-Adventure, Animation, Comedy",7.652
368,TV Show,Wolverine and The X-Men,United States,"Steve Blum, Chris Edgerly, Jennifer Hale, Michael Ironside, Danielle Judovits, AJ Buckley",2008,"November 12, 2019",TV-Y7,1 Season,"Action-Adventure, Animation, Kids",7.621
326,TV Show,Marvel's Guardians of the Galaxy (Series),United States,"Will Friedle, Trevor Devall, Kevin Richardson, Vanessa Marshall, David Sobolov",2015,"November 12, 2019",TV-Y7,3 Seasons,"Action-Adventure, Animation, Kids",7.615
324,TV Show,Marvel's Avengers Assemble,United States,"Adrian Pasdar, Fred Tatasciore, Roger Smith, Travis Willingham, Troy Baker, Bumper Robinson",2012,"November 12, 2019",TV-Y7,5 Seasons,"Action-Adventure, Animation, Kids",7.615
325,TV Show,Marvel's Avengers: Secret Wars (Shorts),Unknown,Unknown,2016,"November 12, 2019",TV-Y7,1 Season,"Action-Adventure, Animation, Kids",7.615
119,TV Show,Disney Channel Games 2008,Unknown,Unknown,2008,"February 26, 2021",TV-G,1 Season,"Game Show / Competition, Sports, Variety",7.6
103,TV Show,Primal Survivor,United States,Hazen Audel,2014,"April 16, 2021",TV-PG,5 Seasons,"Docuseries, Reality, Survival",7.6
29,TV Show,Dog: Impossible,United States,Matt Beisner,2019,"September 22, 2021",TV-PG,2 Seasons,"Animals & Nature, Docuseries, Family",7.6
118,TV Show,Car SOS,United Kingdom,Unknown,2012,"February 26, 2021",TV-PG,8 Seasons,"Buddy, Comedy, Docuseries",7.6
360,TV Show,The New Adventures of Winnie the Pooh,United States,"Jim Cummings, Paul Winchell, John Fiedler, Ken Sansome, Tim Hoskins, Patty Paris",1988,"November 12, 2019",TV-Y,4 Seasons,"Animation, Kids",7.6
55,TV Show,Mickey Mouse Funhouse,United States,"Bret Iwan, Kaitlyn Robrock, Bill Farmer, Tony Anselmo, Tress MacNeille, Harvey Guillén",2021,"July 28, 2021",TV-Y,1 Season,"Animation, Kids",7.6
98,TV Show,DuckTales,United States,"David Tennant, Danny Pudi, Ben Schwartz, Bobby Moynihan, Kate Micucci, Tony Anselmo",2017,"April 30, 2021",TV-Y7,3 Seasons,"Action-Adventure, Animation, Comedy",7.586
61,TV Show,Mission Force One,Unknown,"Justin Felbinger, Fiona Bishop, Ivy Bishop, Issac Ryan Brown, Sam Lavagnino, Dee Bradley Baker",2017,"July 21, 2021",TV-Y,1 Season,"Action-Adventure, Animation, Kids",7.583
243,TV Show,Miles From Tomorrowland,United States,"Olivia Munn, Cullen McCarthy, Fiona Bishop, Dee Baker, Tom Kenny",2014,"December 1, 2019",TV-Y,2 Seasons,"Action-Adventure, Animation, Kids",7.583
204,TV Show,Disney Mickey and the Roadster Racers - Chip 'N' Dale's Nutty Tales (Shorts),Unknown,"Tress MacNeille, Corey Burton, Bret Iwan, Russi Taylor, Bill Farmer, Daniel Ross",2017,"April 17, 2020",TV-Y,2 Seasons,"Action-Adventure, Animation, Buddy",7.574
203,TV Show,Brain Games,United States,Neil Harris,2011,"April 17, 2020",TV-G,8 Seasons,"Docuseries, Family, Game Show / Competition",7.574
88,TV Show,Schoolhouse Rock!,United States,"Bob Dorough, Jack Sheldon, Lynn Ahrens, Grady Tate, Blossom Dearie, Essra Mohawk",1973,"May 17, 2021",TV-G,6 Seasons,"Animals & Nature, Animation, Kids",7.556
89,TV Show,Disney Special Agent Oso: Three Healthy Steps (Shorts),Unknown,"Sean Astin, Meghan Strange, Phill Lewis, Amber Hood, Brad Garrett",2011,"May 14, 2021",TV-Y,1 Season,"Action-Adventure, Animation, Kids",7.556
281,TV Show,Disney's Kim Possible,"United States, Philippines, South Korea","Christy Romano, Will Friedle, Nancy Cartwright, Tahj Mowry",2001,"November 12, 2019",TV-G,4 Seasons,"Action-Adventure, Animation, Comedy",7.539
283,TV Show,Disney's Mighty Ducks,United States,"James Belushi, Brad Garrett, Jeff Bennett, Jennifer Hale, Clancy Brown, Tony Jay",1996,"November 12, 2019",TV-Y7,1 Season,"Action-Adventure, Animation, Comedy",7.539
282,TV Show,Disney's Little Einsteins,United States,"Erica Huang, Aiden Pompey, Jesse Schwartz, Natalia Wojcik",2005,"November 12, 2019",TV-Y,2 Seasons,"Action-Adventure, Animation, Kids",7.539
93,TV Show,Wander Over Yonder,"United States, Canada, Ireland","Jack McBrayer, April Winchell, Keith Ferguson, Tom Kenny",2013,"May 7, 2021",TV-Y7,2 Seasons,Comedy,7.537
323,TV Show,Marvel's Ant-Man (Shorts),United States,Unknown,2016,"November 12, 2019",TV-Y7,1 Season,"Action-Adventure, Animation, Comedy",7.536
322,TV Show,Marvel's Agent Carter,United States,"Hayley Atwell, James D'Arcy, Chad Murray, Enver Gjokaj, Shea Whigham",2014,"November 12, 2019",TV-14,2 Seasons,"Action-Adventure, Science Fiction, Spy/Espionage",7.536
254,TV Show,Chip 'n Dale's Rescue Rangers,"United States, Taiwan, South Korea, China, Japan, United Kingdom","Corey Burton, Peter Cullen, Jim Cummings, Tress MacNeille",1989,"November 12, 2019",TV-G,1 Season,"Action-Adventure, Animation, Comedy",7.532
293,TV Show,Fantastic Four: World's Greatest Heroes,United States,"Christopher Jacot, Hiro Kanagawa, Lara Gilchrist, Brian Dobson",2007,"November 12, 2019",TV-Y7,1 Season,"Action-Adventure, Animation, Kids",7.526
205,TV Show,Tron Uprising,United States,"Elijah Wood, Bruce Boxleitner, Emmanuelle Chriqui, Mandy Moore, Nate Corddry, Lance Henriksen",2011,"April 14, 2020",TV-Y7,1 Season,"Action-Adventure, Animation, Kids",7.522
142,TV Show,The Wonderful World of Mickey Mouse,United States,"Chris Diamantopoulos, Kaitlyn Robrock, Bill Farmer, Tony Anselmo, Tress MacNeille",2020,"November 18, 2020",TV-G,1 Season,"Action-Adventure, Animation, Anthology",7.522
206,TV Show,Disney Playtime with Puppy Dog Pals (Shorts),Unknown,Unknown,2017,"April 10, 2020",TV-Y,2 Seasons,"Animation, Kids",7.522
151,TV Show,Meet The Chimps,United States,Jane Lynch,2020,"October 16, 2020",TV-PG,1 Season,"Animals & Nature, Docuseries, Family",7.5
87,TV Show,Ice Road Rescue,United Kingdom,"David Wartnaby, Bjørn Lægreid, Thord Paulsen",2015,"May 21, 2021",TV-14,5 Seasons,"Docuseries, Reality, Survival",7.5
19,TV Show,Drain The Oceans: The Mississippi River & Arctic War,Unknown,Kerry Shale,2021,"October 6, 2021",TV-14,1 Season,"Docuseries, Historical",7.5
107,TV Show,Made in a Day,United States,Craig Whitney,2020,"April 2, 2021",TV-PG,1 Season,Reality,7.5
6,TV Show,Disney Intertwined,Unknown,"Carolina Domenech, José Jiménez Zapiola, Kevsho, Elena Roger, Clara Alonso, Emilia Mernes",2021,"November 12, 2021",TV-PG,1 Season,"Comedy, Coming of Age, Drama",7.5
18,TV Show,Drain the Oceans,"United Kingdom, Australia",Russell Boulter,2017,"October 6, 2021",TV-PG,4 Seasons,"Docuseries, Historical",7.5
366,TV Show,Wild Yellowstone,Germany,Bart Thomasson,2015,"November 12, 2019",TV-PG,1 Season,"Animals & Nature, Docuseries, Travel",7.5
32,TV Show,Life Below Zero,United States,"Chip Hailstone, Agnes Hailstone, Sue Aikens, Andy Bassich",2012,"September 15, 2021",TV-14,16 Seasons,"Action-Adventure, Animals & Nature, Docuseries",7.5
141,TV Show,Marvel's 616,United States,Unknown,2020,"November 20, 2020",TV-14,1 Season,"Anthology, Docuseries",7.5
305,TV Show,Iron Man Armored Adventures,"Canada, United States, United Kingdom, France, Luxembourg","Adrian Petriw, Daniel Bacon, Anna Cummer, Mackenzie Gray, Vincent Tong",2008,"November 12, 2019",TV-G,2 Seasons,"Action-Adventure, Animation, Coming of Age",7.5
48,TV Show,Gabby Duran And The Unsittables,United States,"Kylie Cantrall, Maxwell Donovan, Callan Farris, Coco Christo, Valery Ortiz, Nathan Lovejoy",2018,"August 11, 2021",TV-G,2 Seasons,"Comedy, Family, Science Fiction",7.476
230,TV Show,Marvel's Runaways,United States,"Rhenzy Feliz, Lyrica Okano, Virginia Gardner, Ariela Barer, Gregg Sulkin, Allegra Acosta",2017,"January 10, 2020",TV-14,3 Seasons,"Coming of Age, Drama, Science Fiction",7.47
202,TV Show,Tangled: The Series,United States,"Zachary Levi, Mandy Moore, Eden Espinosa, Clancy Brown",2016,"April 23, 2020",TV-Y7,3 Seasons,"Action-Adventure, Animation, Comedy",7.446
154,TV Show,Magic of Disney's Animal Kingdom,United Kingdom,Josh Gad,2020,"September 25, 2020",TV-PG,1 Season,"Animals & Nature, Docuseries, Family",7.444
133,TV Show,Marvel Studios LEGENDS,United States,Unknown,2021,"January 8, 2021",TV-14,1 Season,"Action-Adventure, Docuseries, Fantasy",7.421
344,TV Show,Silver Surfer,"United States, Canada","Paul Essiembre, James Blendick, Robert Bockstael, Jennifer Daley, Colin Fox",1997,"November 12, 2019",TV-Y7,1 Season,"Action-Adventure, Animation, Kids",7.403
40,TV Show,Dug Days,United States,"Bob Peterson, Ed Asner, Jordan Nagai",2021,"September 1, 2021",TV-PG,1 Season,"Animation, Comedy, Family",7.4
73,TV Show,Disney Just Roll With It,United States,"Ramon Reed, Kaylin Hayman, Suzi Barrett, Tobie Windham",2018,"June 18, 2021",TV-Y7,2 Seasons,"Comedy, Family",7.4
334,TV Show,Muppet Moments (Shorts),United States,Unknown,2014,"November 12, 2019",TV-Y7,1 Season,"Anthology, Comedy, Kids",7.4
72,TV Show,Dino Ranch,Canada,"Tyler Nathan, Jacob Mazeral, Ava Ro, Scott Gorman, Athena Karkanis",2021,"June 18, 2021",TV-Y,1 Season,"Animation, Kids, Western",7.4
332,TV Show,Mickey Mouse (Shorts),United States,Unknown,2012,"November 12, 2019",TV-G,5 Seasons,"Animation, Kids",7.4
333,TV Show,Mickey Mouse Club (1955-59),United States,Unknown,1955,"November 12, 2019",TV-PG,1 Season,"Family, Variety",7.4
348,TV Show,Spider-Man Unlimited,"United States, Canada","Rino Romano, Kathleen Barr, Jim Byrnes, Garry Chalk, Paul Dobson",1999,"November 12, 2019",TV-Y7,1 Season,"Action-Adventure, Animation, Kids",7.4
58,TV Show,Behind the Attraction,Unknown,Paget Brewster,2021,"July 21, 2021",TV-PG,1 Season,"Docuseries, Family",7.4
278,TV Show,Disney's Adventures Of The Gummi Bears,United States,"Bill Scott, Christian Jacobs, Brett Johnson, David Faustino, Paul Winchell, Jason Marsden",1985,"November 12, 2019",TV-Y7,6 Seasons,"Action-Adventure, Animation, Fantasy",7.386
30,TV Show,Spidey And His Amazing Friends,United States,"Benjamin Valic, Lily Sanfelippo, Jakari Fraser, Dee Bradley Baker, Melanie Minichino",2021,"September 22, 2021",TV-Y,1 Season,"Action-Adventure, Animation, Kids",7.374
347,TV Show,Spider-Man and His Amazing Friends,United States,"Hans Conried, Jerry Dexter, George DiCenzo, Alan Dinehart, Walker Edminston, Michael Evans",1982,"November 12, 2019",TV-Y7,1 Season,"Action-Adventure, Animation, Kids",7.353
116,TV Show,Marvel Studios ASSEMBLED,Unknown,Unknown,2021,"March 12, 2021",Unknown,1 Season,"Anthology, Docuseries",7.35
134,TV Show,Disney Gallery / Star Wars: The Mandalorian,United States,"Jon Favreau, Dave Filoni, Pedro Pascal, Bryce Howard, Taika Waititi, Carl Weathers",2020,"December 25, 2020",TV-PG,2 Seasons,"Action-Adventure, Docuseries, Family",7.343
317,TV Show,Lizzie McGuire,United States,"Hilary Duff, Lalaine , Adam Lamberg, Jake Thomas, Hallie Todd, Robert Carradine",2000,"November 12, 2019",TV-G,2 Seasons,"Comedy, Coming of Age, Kids",7.337
161,TV Show,Once Upon a Time,United States,"Ginnifer Goodwin, Jennifer Morrison, Robert Carlyle, Lana Parrilla, Jared Gilmore, Josh Dallas",2011,"September 18, 2020",TV-PG,7 Seasons,"Action-Adventure, Fantasy, Soap Opera / Melodrama",7.316
245,TV Show,Supercar Megabuild,United States,Dom Joly,2016,"December 1, 2019",TV-PG,2 Seasons,"Buddy, Docuseries, Lifestyle",7.313
269,TV Show,Disney K.C. Undercover,United States,"Zendaya , Veronica Dunne, Kamil McFadden, Tammy Townsend, Kadeem Hardison",2014,"November 12, 2019",TV-Y7,3 Seasons,"Action-Adventure, Comedy, Kids",7.3
270,TV Show,Disney Lab Rats: Elite Force,United States,"William Brent, Bradley Perry, Jake Short, Paris Berelc, Kelli Berglund",2015,"November 12, 2019",TV-Y7,1 Season,"Action-Adventure, Comedy, Coming of Age",7.3
271,TV Show,Disney Legend of the Three Caballeros,United States,"Tony Anselmo, Jaime Camil, Eric Bauza, Grey Griffin, Wayne Knight, Kevin Richardson",2017,"November 12, 2019",TV-G,1 Season,"Action-Adventure, Animation, Comedy",7.3
268,TV Show,Disney Junior Music Nursery Rhymes,Unknown,Unknown,2017,"November 12, 2019",TV-Y,2 Seasons,"Animation, Kids, Musical",7.3
102,TV Show,Earth Moods,Unknown,Unknown,2021,"April 16, 2021",TV-G,1 Season,"Animals & Nature, Anthology",7.3
215,TV Show,101 Dalmatian Street,"United Kingdom, United States, Canada","Josh Brener, Michaela Dietz, Ella Kenion, Rhashan Stone",2018,"February 28, 2020",TV-Y7,1 Season,"Action-Adventure, Animation, Comedy",7.3
259,TV Show,Disney Descendants Wicked World (Shorts),United States,Unknown,2015,"November 12, 2019",TV-G,2 Seasons,"Animation, Coming of Age, Fantasy",7.265
258,TV Show,Disney Bizaardvark,United States,"Madison Hu, Olivia Rodrigo, Jake Paul, DeVore Ledridge, Ethan Wacker",2015,"November 12, 2019",TV-PG,3 Seasons,"Buddy, Comedy, Family",7.265
260,TV Show,Disney DuckTales (Shorts),Unknown,Unknown,2016,"November 12, 2019",TV-Y7,1 Season,"Action-Adventure, Animation, Comedy",7.265
257,TV Show,Darkwing Duck,United States,"Jim Cummings, Christine Cavanaugh, Terry McGovern, Frank Welker",1991,"November 12, 2019",TV-Y7,2 Seasons,"Action-Adventure, Animation, Kids",7.265
261,TV Show,Disney Evermoor,Unknown,"Naomi Sequeira, Jordan Loughran, Belinda Stewart-Wilson, Dan Fredenburgh, George Sear, Georgie Farmer",2017,"November 12, 2019",TV-PG,1 Season,Series,7.265
129,TV Show,Pixar Popcorn,United States,"Ellen DeGeneres, Craig T. Nelson, Holly Hunter, Keegan-Michael Key, Jordan Peele",2021,"January 22, 2021",TV-PG,1 Season,"Animation, Anthology, Family",7.263
290,TV Show,Encore!,United States,"Kristen Bell, Roger Love, Susan Egan, Ali Stroker, Stephen Schwartz",2019,"November 12, 2019",TV-14,1 Season,"Music, Reality",7.26
193,TV Show,It's a Dog's Life with Bill Farmer,United States,Bill Farmer,2020,"May 15, 2020",TV-PG,1 Season,"Animals & Nature, Docuseries, Family",7.25
199,TV Show,Prairie Dog Manor,United States,Kevin Conway,2019,"May 1, 2020",TV-PG,1 Season,"Animals & Nature, Docuseries, Reality",7.25
224,TV Show,America's National Parks,United States,C.T. Taylor,2015,"January 15, 2020",TV-14,1 Season,"Animals & Nature, Docuseries",7.25
304,TV Show,Iron Man (Series),United States,"Robert Hays, James Avery, Ed Gilbert, Jim Cummings, Tony Steedman, James Warwick",1994,"November 12, 2019",TV-Y7,1 Season,"Action-Adventure, Animation, Kids",7.244
153,TV Show,The Right Stuff,United States,"Jake McDorman, Patrick Adams, Colin O’Donoghue, Eloise Mumford, James Lafferty, Nora Zehetner",2020,"October 9, 2020",TV-14,1 Season,"Drama, Historical",7.236
365,TV Show,Timon & Pumbaa,United States,"Quinton Flynn, Ernie Sabella, Jim Cummings, Nathan Lane",1995,"November 12, 2019",TV-Y,3 Seasons,"Animation, Buddy, Comedy",7.234
176,TV Show,Super Robot Monkey Team Hyperforce Go!,"United States, Japan","Greg Cipes, Kevin Michael	Richardson, Tom Kenny, Kari Wahlgren, Clancy Brown, Corey Feldman",2004,"July 17, 2020",TV-Y7,2 Seasons,"Action-Adventure, Animation, Anime",7.233
327,TV Show,Marvel's Guardians of the Galaxy (Shorts),Unknown,Unknown,2014,"November 12, 2019",TV-Y7,2 Seasons,"Action-Adventure, Animation, Kids",7.224
336,TV Show,Origins: The Journey of Humankind,United States,"Mark Monroe, Jason Silva",2016,"November 12, 2019",TV-14,1 Season,"Docuseries, Historical",7.222
279,TV Show,Disney's Doug,United States,"Connie Shulman, Doug Preis, Alice Playten, Chris Phillips, Fred Newman, Thomas McHugh",1996,"November 12, 2019",TV-Y7,3 Seasons,"Animation, Comedy, Coming of Age",7.213
280,TV Show,Disney's Hercules: The Animated Series,United States,"Tate Donovan, Sandra Bernhard, Robert Costanzo, Matt Frewer, Bobcat Goldthwait, French Stewart",1998,"November 12, 2019",TV-Y7,1 Season,"Action-Adventure, Animation, Comedy",7.213
292,TV Show,Fantastic Four (Series),United States,"Beau Weaver, Lori Alan, Chuck McCann, Brian Green, Stan Lee, Pauline Lomas",1994,"November 12, 2019",TV-Y7,1 Season,"Action-Adventure, Animation, Kids",7.202
300,TV Show,Hannah Montana,United States,"Miley Cyrus, Emily Osment, Mitchel Musso, Jason Earles, Billy Cyrus",2005,"November 12, 2019",TV-G,4 Seasons,"Comedy, Coming of Age, Kids",7.202
291,TV Show,Even Stevens,United States,"Shia LaBeouf, Christy Romano, Nick Spano, Tom Virtue, Donna Pescow",2000,"November 12, 2019",TV-PG,3 Seasons,"Comedy, Coming of Age, Kids",7.202
31,TV Show,Star Wars: Visions,Unknown,Unknown,2021,"September 22, 2021",TV-PG,1 Season,"Action-Adventure, Animation, Anime",7.2
308,TV Show,Kingdom of the White Wolf,United States,Jenny Jules,2019,"November 12, 2019",TV-PG,1 Season,"Action-Adventure, Animals & Nature, Docuseries",7.2
220,TV Show,Fairy Tale Weddings,United States,"Stephen Boss, Allison Holker",2017,"February 14, 2020",TV-PG,2 Seasons,"Docuseries, Family, Lifestyle",7.2
74,TV Show,"Heartland Docs, DVM",United States,"Dr. Erin Schroeder, Dr. Ben Schroeder",2019,"June 18, 2021",TV-14,3 Seasons,"Animals & Nature, Docuseries, Family",7.2
7,TV Show,Olaf Presents,Unknown,Josh Gad,2021,"November 12, 2021",TV-PG,1 Season,"Animation, Family",7.2
8,TV Show,Disney Amphibia,"United States, South Korea","Justin Felbinger, Amanda Leighton, Bill Farmer, Brenda Song",2018,"November 3, 2021",TV-Y7,3 Seasons,"Animation, Comedy, Family",7.2
62,TV Show,Turner & Hooch,Unknown,"Josh Peck, Carra Patterson, Lyndsy Fonseca, Vanessa Lengies, Brandon Jay Mclaren, Anthony Ruivivar",2021,"July 21, 2021",TV-PG,1 Season,"Action-Adventure, Buddy, Comedy",7.2
14,TV Show,Secrets Of The Zoo: Down Under,Unknown,Naomi Watts,2020,"October 13, 2021",TV-14,2 Seasons,"Animals & Nature, Docuseries, Family",7.2
13,TV Show,Just Beyond,Unknown,"Mckenna Grace, Lexi Underwood, Cedric Joe, Tim Heidecker, Riki Lindhome, Nasim Pedrad",2021,"October 13, 2021",TV-PG,1 Season,"Anthology, Comedy, Coming of Age",7.192
92,TV Show,The Incredible Hulk,United States,"Neal McDonough, John Vernon, Luke Perry, Lou Ferrigno, Genie Francis",1996,"May 10, 2021",TV-Y7,2 Seasons,"Action-Adventure, Animation, Kids",7.19
221,TV Show,That's So Raven,United States,"Raven , Orlando Brown, Kyle Massey, Anneliese van der Pol, T’Keyah Keymáh, Rondell Sheridan",2002,"February 8, 2020",TV-G,4 Seasons,"Comedy, Coming of Age, Fantasy",7.183
68,TV Show,Monsters at Work,United States,"Billy Crystal, John Goodman, Ben Feldman, Mindy Kaling, Henry Winkler, Lucas Neff",2021,"July 7, 2021",TV-G,1 Season,"Animation, Comedy, Family",7.174
159,TV Show,Europe from Above,United Kingdom,Julian Barratt,2019,"September 18, 2020",TV-G,1 Season,"Docuseries, Reality",7.167
2,TV Show,Port Protection Alaska,United States,"Gary Muehlberger, Mary Miller, Curly Leach, Sam Carlson, Stuart Andrews, David Squibb",2015,"November 24, 2021",TV-14,2 Seasons,"Docuseries, Reality, Survival",7.143
222,TV Show,Diary of a Future President,United States,"Tess Romero, Selenis Leyva, Charlie Bushnell, Michael Weaver",2020,"January 17, 2020",TV-PG,2 Seasons,"Comedy, Coming of Age, Family",7.13
64,TV Show,So Random!,United States,"Tiffany Thornton, Sterling Knight, Brandon Mychal Smith, Doug Brochu, Allisyn Ashley Arm",2011,"July 14, 2021",TV-G,1 Season,"Comedy, Coming of Age",7.118
354,TV Show,TaleSpin,United States,"Charlie Adler, Jim Cummings, Ed Gilbert, Chuck McCann, Alan Roberts, Sally Struthers",1990,"November 12, 2019",TV-G,1 Season,"Action-Adventure, Animation, Kids",7.11
84,TV Show,Wicked Tuna,United States,Mike Rowe,2016,"May 28, 2021",TV-14,10 Seasons,"Action-Adventure, Animals & Nature, Docuseries",7.1
338,TV Show,Phil of the Future,United States,"Ricky Ullman, Amy Bruckner, Craig Anton, Lise Simms, Alyson Michalka",2003,"November 12, 2019",TV-G,2 Seasons,"Comedy, Coming of Age, Kids",7.1
316,TV Show,LEGO Star Wars: The Freemaker Adventures (Shorts),Unknown,Unknown,2016,"November 12, 2019",TV-Y7,1 Season,"Action-Adventure, Animation, Comedy",7.1
315,TV Show,LEGO Star Wars: The Freemaker Adventures,United States,"Matt Sloan, Trevor Devall, Greg Baldwin, Michael Daingerfield, Vanessa Lengies, Grey Griffin",2015,"November 12, 2019",TV-Y7,2 Seasons,"Action-Adventure, Animation, Comedy",7.1
70,TV Show,Running Wild with Bear Grylls,United States,Bear Grylls,2019,"June 25, 2021",TV-PG,2 Seasons,"Action-Adventure, Reality, Survival",7.1
238,TV Show,Pick of the Litter,United States,Unknown,2019,"December 20, 2019",TV-PG,1 Season,"Animals & Nature, Docuseries, Family",7.0
242,TV Show,Henry Hugglemonster,"Ireland, United Kingdom, United States, South Korea, Canada","Lara Miller, Tom Kenny, Chiara Zanni, Lori Alan, Hynden Walch, Kari Wahlgren",2012,"December 1, 2019",TV-Y,2 Seasons,"Animation, Fantasy, Kids",7.0
213,TV Show,Disney Insider,United States,Unknown,2020,"March 20, 2020",TV-PG,1 Season,"Anthology, Docuseries",7.0
330,TV Show,Marvel's Rocket & Groot (Shorts),Unknown,Unknown,2016,"November 12, 2019",TV-Y7,1 Season,"Action-Adventure, Animation, Buddy",7.0
195,TV Show,Buried Secrets Of The Bible With Albert Lin,Unknown,Albert Lin,2019,"May 1, 2020",TV-PG,1 Season,"Action-Adventure, Docuseries, Historical",7.0
138,TV Show,Once Upon a Time in Wonderland,"Canada, United States","Sophie Lowe, Michael Socha, Peter Gadiot, Emma Rigby, Naveen Andrews, John Lithgow",2013,"November 27, 2020",TV-PG,1 Season,"Action-Adventure, Fantasy, Soap Opera / Melodrama",7.0
214,TV Show,Disney Vampirina Ghoul Girls Rock! (Shorts),Unknown,"Isabella Crovetti, Jordan Davis, ViviAnn Yee, Mitchell Whitfield, Wanda Sykes, Ian Corlett",2017,"March 20, 2020",TV-Y7,2 Seasons,"Animation, Fantasy, Kids",7.0
106,TV Show,Higglytown Heroes,"United States, South Korea","Frankie Ryan Manriquez, Taylor Masamitsu, Liliana Mumy, Rory Thost, Edie McClurg",2004,"April 2, 2021",TV-Y,2 Seasons,"Animation, Kids, Musical",7.0
66,TV Show,Breaking Bobby Bones,United States,Bobby Bones,2021,"July 7, 2021",TV-14,1 Season,"Action-Adventure, Docuseries, Reality",7.0
63,TV Show,Shark Attack Files,Unknown,Unknown,2021,"July 16, 2021",TV-14,1 Season,"Animals & Nature, Docuseries, Reality",7.0
121,TV Show,Dog With a Blog,United States,"G Hannelius, Blake Michael, Francesca Capaldi, Stephen Full, Regan Burns, Beth Littleford",2012,"February 26, 2021",TV-G,3 Seasons,"Comedy, Fantasy",6.995
181,TV Show,Into the Unknown: Making Frozen 2,United States,"Kristen Bell, Idina Menzel, Josh Gad, Jonathan Groff, Jennifer Lee, Chris Buck",2020,"June 26, 2020",TV-PG,1 Season,"Docuseries, Family",6.908
241,TV Show,Disney Star vs. the Forces of Evil,United States,"Eden Sher, Adam McArthur",2014,"December 1, 2019",TV-Y7,4 Seasons,"Action-Adventure, Animation, Comedy",6.9
208,TV Show,Tut's Treasures: Hidden Secrets,United Kingdom,Mark Bazeley,2018,"April 10, 2020",TV-PG,1 Season,"Docuseries, Historical",6.9
42,TV Show,Gigantosaurus,France,"Dylan Schombing, Áine Sunderland, Nahanni Mitchell, Nicholas Holmes",2018,"August 25, 2021",TV-Y,2 Seasons,"Action-Adventure, Animation, Kids",6.9
239,TV Show,One Day at Disney (Shorts),Unknown,Unknown,2019,"December 6, 2019",TV-PG,1 Season,"Anthology, Docuseries, Family",6.9
240,TV Show,Disney The Lion Guard,United States,"Max Charles, Diamond White, Dusan Brown, Atticus Shaffer, Joshua Rush",2015,"December 3, 2019",TV-Y,3 Seasons,"Action-Adventure, Animation, Comedy",6.9
246,TV Show,Mickey Mouse Roadster Racers,Unknown,"Bret Iwan, Russi Taylor, Bill Farmer, Daniel Ross, Tress MacNeille",2017,"November 20, 2019",TV-Y,2 Seasons,"Animation, Kids, Sports",6.8
287,TV Show,Dog Whisperer with Cesar Millan,United States,Cesar Millan,2004,"November 12, 2019",TV-G,6 Seasons,"Animals & Nature, Docuseries, Family",6.8
157,TV Show,Becoming,United States,Unknown,2020,"September 18, 2020",TV-PG,1 Season,"Anthology, Docuseries, Family",6.8
174,TV Show,Wild Sri Lanka,United Kingdom,Paul McGann,2016,"July 24, 2020",TV-PG,1 Season,"Animals & Nature, Docuseries",6.8
185,TV Show,Japan: Between Earth and Sky,"France, Japan",Bray Poor,2017,"June 5, 2020",TV-PG,1 Season,"Animals & Nature, Docuseries",6.8
364,TV Show,The World According to Jeff Goldblum,United States,Jeff Goldblum,2019,"November 12, 2019",TV-PG,2 Seasons,Docuseries,6.8
189,TV Show,The Evermoor Chronicles,"United Kingdom, United States","Naomi Sequeira, Finney Cassidy, Georgia Lock, Jordan Loughran, George Sear, Georgie Farmer",2015,"May 29, 2020",TV-PG,2 Seasons,"Coming of Age, Fantasy, Mystery",6.8
197,TV Show,Lost Treasures Of Egypt,United Kingdom,Rick Robles,2018,"May 1, 2020",TV-PG,1 Season,"Docuseries, Historical",6.8
111,TV Show,Walk the Prank,United States,"Cody Veith, Bryce Gheisar, Brandon Severs, Jillian Shea Spaeder, Tobie Windham",2016,"April 2, 2021",TV-Y7,3 Seasons,"Comedy, Reality",6.778
143,TV Show,Inside Pixar,United States,Unknown,2020,"November 13, 2020",TV-PG,1 Season,"Docuseries, Family",6.778
112,TV Show,Pickle and Peanut,United States,"Johnny Pemberton, Jon Heder, Dana Snyder, Joel Trussell",2015,"March 26, 2021",TV-Y7,2 Seasons,Comedy,6.778
130,TV Show,Elena of Avalor,United States,"Aimee Carrero, Jenna Ortega, Keith Ferguson, Jillian Reed, Carlos Alazraqui, Mikey Kelley",2015,"January 15, 2021",TV-Y7,3 Seasons,"Action-Adventure, Animation, Fantasy",6.758
198,TV Show,Love & Vets,United States,Mallory Kasdan,2017,"May 1, 2020",TV-PG,1 Season,"Animals & Nature, Docuseries, Family",6.755
341,TV Show,Quack Pack,United States,"Tony Anselmo, James Avery, Brian Cummings, E.G. Daily, Jeannie Elias, Pamela Segall",1996,"November 12, 2019",TV-Y,1 Season,"Action-Adventure, Animation, Comedy",6.755
188,TV Show,Wild Hawaii,United States,JK Simmons,2014,"June 5, 2020",TV-PG,1 Season,"Animals & Nature, Docuseries, Family",6.75
275,TV Show,Disney Stuck In The Middle,United States,"Jenna Ortega, Ronni Hawk, Isaak Presley, Ariana Greenblatt, Kayla Maisonet, Nicolas Bechtel",2015,"November 12, 2019",TV-PG,3 Seasons,"Comedy, Coming of Age, Family",6.747
276,TV Show,Disney Take Two With Phineas And Ferb (Shorts),United States,Unknown,2010,"November 12, 2019",TV-G,1 Season,"Animation, Kids, Parody",6.747
277,TV Show,Disney Tangled: The Series - Short Cuts,Unknown,Unknown,2016,"November 12, 2019",TV-Y7,1 Season,"Action-Adventure, Animation, Comedy",6.747
274,TV Show,Disney Minnie's Bow-Toons (Shorts),United States,Unknown,2011,"November 12, 2019",TV-Y,3 Seasons,"Animation, Kids",6.747
273,TV Show,Disney Milo Murphy's Law,United States,"Al Yankovic, Sabrina Carpenter, Mekai Curtis",2016,"November 12, 2019",TV-Y7,2 Seasons,"Action-Adventure, Animation, Comedy",6.747
272,TV Show,Disney Mickey Mouse Clubhouse,United States,"Wayne Allwine, Jim Cummings, Russi Taylor, Tony Anselmo, Bill Farmer, Tress MacNeille",2005,"November 12, 2019",TV-Y,5 Seasons,"Animation, Kids",6.747
299,TV Show,Handy Manny,"United States, Canada","Wilmer Valderrama, Carlos Alazraqui, Dee Baker, Nika Futterman, Tom Kenny, Kath Soucie",2006,"November 12, 2019",TV-Y,3 Seasons,"Animation, Kids",6.7
76,TV Show,Puppy Dog Pals,"United States, India","Harland Williams, Isaac Brown, Jessica DiCicco, Sam Lavagnino, Leslie Baker, Tara Strong",2016,"June 11, 2021",TV-G,4 Seasons,"Animation, Kids",6.7
256,TV Show,Crash & Bernstein,United States,"Cole Jensen, Tim Lagasse, Landry Bender, Oana Gregory, Aaron Landon",2012,"November 12, 2019",TV-Y7,2 Seasons,"Comedy, Fantasy, Kids",6.667
168,TV Show,Wild Cats of India,United States,James Murray,2020,"August 14, 2020",TV-PG,1 Season,"Animals & Nature, Docuseries, Family",6.667
16,TV Show,Zombies: Addison's Moonstone Mystery,Unknown,Unknown,2020,"October 13, 2021",TV-G,1 Season,"Animation, Coming of Age, Fantasy",6.625
337,TV Show,Out of the Box,United States,"Vivian Bayubay, Tony James, Jill Schackner, Aleisha Allen, Cece Cortes, Nicholas Eng",1998,"November 12, 2019",TV-G,3 Seasons,Kids,6.6
209,TV Show,Fish Hooks,United States,"Chelsea Kane, Kyle Massey, Justin Roiland",2010,"April 3, 2020",TV-G,3 Seasons,"Animation, Comedy, Coming of Age",6.6
52,TV Show,Chip 'n' Dale: Park Life,Unknown,"Matthew Géczy, Kaycie Chase, Bill Farmer, Sylvain Caruso",2021,"July 28, 2021",TV-Y7,1 Season,"Animation, Buddy, Comedy",6.6
94,TV Show,Star Wars Vehicle Flythroughs,Unknown,Unknown,2021,"May 4, 2021",TV-G,1 Season,"Anthology, Science Fiction",6.6
183,TV Show,Disney Junior Muppet Babies Play Date,Unknown,Unknown,2018,"June 19, 2020",TV-Y,1 Season,"Comedy, Kids",6.586
182,TV Show,101 Dalmatians (Series),Unknown,"Jeff Bennett, Christine Cavanaugh, Tara Charendoff, Jim Cummings, Tress MacNeille, Charlotte Rae",1997,"June 19, 2020",TV-Y7,1 Season,"Action-Adventure, Animation, Kids",6.586
201,TV Show,America's Funniest Home Videos,United States,Tom Bergeron,1989,"April 24, 2020",TV-PG,9 Seasons,"Comedy, Family, Fantasy",6.571
346,TV Show,Spider-Man (Shorts),Unknown,Unknown,2016,"November 12, 2019",TV-Y7,1 Season,"Action-Adventure, Animation, Kids",6.545
345,TV Show,So Weird,Canada,"Cara DeLizia, Patrick Levis, Erik von Detten, Belinda Metz, Dave Ward, Mackenzie Phillips",1999,"November 12, 2019",TV-Y7,3 Seasons,"Fantasy, Kids, Mystery",6.545
361,TV Show,The Replacements,United States,"Nancy Cartwright, Grey DeLisle, Kath Soucie, Daran Norris, David McCallum, Jeff Bennett",2006,"November 12, 2019",TV-G,1 Season,"Animation, Comedy, Family",6.511
194,TV Show,Birth of Europe,United Kingdom,Mark Halliley,2014,"May 1, 2020",TV-G,1 Season,Docuseries,6.5
297,TV Show,Goof Troop,United States,"Nancy Cartwright, Jim Cummings, Dana Hill, Rob Paulson, Corey Burton, Bill Farmer",1992,"November 12, 2019",TV-Y7,1 Season,"Animation, Comedy, Kids",6.5
172,TV Show,Rogue Trip,Unknown,"Bob Woodruff, Mack Woodruff",2020,"July 24, 2020",TV-PG,1 Season,"Buddy, Docuseries",6.5
37,TV Show,Pepper Ann,United States,"Kathleen Wilhoite, Clea Lewis, Danny Cooksey, Pamela Segall, April Winchell, Don Adams",1997,"September 8, 2021",TV-Y,3 Seasons,"Animation, Comedy, Coming of Age",6.5
135,TV Show,Disney Parks Sunrise Series,Unknown,Unknown,2021,"December 18, 2020",TV-G,1 Season,"Animals & Nature, Docuseries, Family",6.5
340,TV Show,Pixar In Real Life,United States,Unknown,2019,"November 12, 2019",TV-G,1 Season,"Anthology, Comedy, Family",6.5
9,TV Show,Storm Rising,Unknown,Unknown,2021,"November 3, 2021",TV-14,1 Season,"Action-Adventure, Animals & Nature, Docuseries",6.5
26,TV Show,Rolie Polie Olie,"Canada, United States, France","Cole Caplan, Kristen Bone, Robert Smith, Catherine Disher, Adrian Truss, Len Carlson",1998,"September 29, 2021",TV-Y,5 Seasons,"Animation, Science Fiction",6.435
357,TV Show,The Book of Pooh,United States,"Jim Cummings, Paul Tiesler, Jeff Bennett, Peter Cullen, Stephanie d’Abruzzo, John Fiedler",2000,"November 12, 2019",TV-Y,2 Seasons,"Comedy, Kids",6.4
313,TV Show,LEGO Star Wars: Droid Tales,United States,"Tom Kane, Anthony Daniels, Trevor Devall, Kirby Morrow, Sam Vincent, Michael Donovan",2014,"November 12, 2019",TV-Y7,1 Season,"Action-Adventure, Animation, Comedy",6.4
314,TV Show,LEGO Star Wars: Resistance Rises (Shorts),"United States, Denmark",Unknown,2015,"November 12, 2019",TV-Y7-FV,1 Season,"Action-Adventure, Animation, Comedy",6.4
150,TV Show,Marvel Super Hero Adventures,United States,Unknown,2017,"October 23, 2020",TV-Y,4 Seasons,"Action-Adventure, Animation, Kids",6.4
44,TV Show,Growing Up Animal,Unknown,Tracee Ellis Ross,2021,"August 18, 2021",TV-PG,1 Season,"Animals & Nature, Docuseries, Family",6.333
217,TV Show,Star Wars Resistance,United States,"Christopher Sean, Josh Brener, Scott Lawrence, Suzie McGrath, As Himself",2018,"February 25, 2020",TV-Y7,2 Seasons,"Action-Adventure, Animation, Kids",6.327
147,TV Show,X-Ray Earth,United States,Unknown,2020,"October 30, 2020",TV-PG,1 Season,"Animals & Nature, Docuseries, Reality",6.3
320,TV Show,Marvel Rising: Initiation (Shorts),United States,Unknown,2017,"November 12, 2019",TV-Y7,1 Season,"Action-Adventure, Animation, Kids",6.3
251,TV Show,Bonkers,"United States, Hong Kong, South Korea, France, Canada, China, United Kingdom, Australia, Japan, Taiwan, Philippines","Charlie Adler, Corey Burton, Jesse Corti, Jim Cummings, Frank Welker, Gregg Berger",1993,"November 12, 2019",TV-G,1 Season,"Animation, Comedy, Kids",6.3
17,TV Show,Among the Stars,Unknown,Chris Cassidy,2021,"October 6, 2021",TV-PG,1 Season,Docuseries,6.3
191,TV Show,Marvel's Future Avengers,Unknown,"英司 花輪, 一博 中谷, 康之 加瀬, 健一郎 松田, かおり 水橋, 史絵 水沢",2017,"May 22, 2020",TV-Y7,2 Seasons,"Action-Adventure, Animation, Anime",6.3
319,TV Show,Marvel Comics X-Men,"United States, Canada","Cedric Smith, Catherine Disher, Alyson Court, Chris Potter, George Buza, Iona Morris",1992,"November 12, 2019",TV-Y7,5 Seasons,"Action-Adventure, Animation, Fantasy",6.3
328,TV Show,Marvel's Hero Project,United States,Unknown,2019,"November 12, 2019",TV-PG,1 Season,"Docuseries, Family",6.3
318,TV Show,Lost Treasures of the Maya,"United States, Guatemala",Albert Lin,2018,"November 12, 2019",TV-PG,1 Season,"Docuseries, Historical",6.3
234,TV Show,Out There with Jack Randall,Unknown,Jack Randall,2019,"January 1, 2020",TV-14,1 Season,"Action-Adventure, Animals & Nature, Docuseries",6.3
216,TV Show,Shop Class,Unknown,Unknown,2020,"February 28, 2020",TV-G,1 Season,"Family, Game Show / Competition",6.3
218,TV Show,Lost Cities With Albert Lin,United States,Dr. Albert Len,2019,"February 21, 2020",TV-PG,1 Season,"Action-Adventure, Docuseries, Historical",6.278
335,TV Show,My Friends Tigger & Pooh,United States,Jim Cummings,2006,"November 12, 2019",TV-Y,2 Seasons,"Animation, Kids",6.263
303,TV Show,Hulk and the Agents of S.M.A.S.H.,United States,"Fred Tatasciore, Clancy Brown, Seth Green, Eliza Dushku, Ben Diskin",2012,"November 12, 2019",TV-Y7,2 Seasons,"Action-Adventure, Animation, Comedy",6.225
311,TV Show,LEGO Star Wars: All Stars,United States,"Jasmin Brown, Josh Peck, Zeno Robinson, Max Mittelman, Matthew Wood",2018,"November 12, 2019",TV-Y7,1 Season,"Action-Adventure, Animation, Comedy",6.2
312,TV Show,LEGO Star Wars: All Stars (Shorts),Unknown,"Matthew Wood, Yvette Brown, Nicolas Cantu, Carolyn Hennesy, Montse Hernandez, Vanessa Lengies",2018,"November 12, 2019",TV-Y7,1 Season,"Action-Adventure, Animation, Comedy",6.2
331,TV Show,Marvel's Ultimate Comics,Unknown,"Cole Howard, Brian Drummond",2016,"November 12, 2019",TV-Y7,1 Season,"Action-Adventure, Animation, Comedy",6.2
90,TV Show,Race to the Center of the Earth,United States,Chris Payne Gilbert,2021,"May 14, 2021",TV-14,1 Season,"Action-Adventure, Family, Game Show / Competition",6.2
47,TV Show,Disney Presents Goofy in How to Stay at Home,Unknown,"Bill Farmer, Corey Burton",2021,"August 11, 2021",TV-G,1 Season,"Animation, Comedy, Family",6.167
160,TV Show,Kingdom of the Mummies,United States,Kerry Shale,2020,"September 18, 2020",TV-14,1 Season,"Docuseries, Historical, Reality",6.167
244,TV Show,Sheriff Callie's Wild West,"United States, South Korea, France","Mandy Moore, Lucas Grabeel",2011,"December 1, 2019",TV-Y,2 Seasons,"Animation, Kids, Western",6.125
110,TV Show,Star Wars: Ewoks,Unknown,"Jim Henshaw, Cree Summer Francks, Jackie Burroughs, George Buza, Doug Chamberlain, Paul Chato",1985,"April 2, 2021",TV-Y7-FV,2 Seasons,"Action-Adventure, Animation, Fantasy",6.107
190,TV Show,Doc McStuffins,"United States, Ireland","Kiara Muhammad, Jaden Betts, Jess Harnell, Kimberly Brooks, Lara Miller, Loretta Devine",2011,"May 22, 2020",TV-Y7,5 Seasons,"Animation, Kids, Medical",6.057
329,TV Show,Marvel's Inhumans,United States,"Anson Mount, Serinda Swan, Ken Leung, Eme Ikwuakor, Isabelle Cornish, Ellen Woglom",2017,"November 12, 2019",TV-14,1 Season,"Action-Adventure, Science Fiction, Superhero",6.027
373,TV Show,Imagination Movers,United States,"Rich Collins, Dave Poche, Scott Durbin, Scott Smith, Wendy Calio, Kevin Carlson",2008,,TV-Y,3 Seasons,"Kids, Music",6.0
144,TV Show,Fancy Nancy (Shorts),Unknown,"Mia Sinclair Jenness, Dana Heath, Spencer Moss, Alyson Hannigan",2019,"November 6, 2020",TV-Y,1 Season,"Animation, Kids",6.0
83,TV Show,Kingdom of the Polar Bears,Unknown,Dennis Compayre,2021,"May 28, 2021",TV-PG,1 Season,"Animals & Nature, Docuseries",6.0
20,TV Show,IMPACT with Gal Gadot,United States,Gal Gadot,2021,"October 6, 2021",TV-14,1 Season,Docuseries,6.0
27,TV Show,Star Wars Galaxy of Sounds,Unknown,Unknown,2021,"September 29, 2021",TV-PG,1 Season,"Animation, Anthology, Science Fiction",6.0
165,TV Show,Jungle Animal Rescue,United States,Dan Nachtrab,2019,"August 14, 2020",TV-PG,1 Season,"Animals & Nature, Docuseries, Family",6.0
46,TV Show,Chicken Squad,United States,"Ramone Hamilton, Gabriella Graves, Maxwell Simkins, Yvette Nicole Brown",2021,"August 11, 2021",TV-Y,1 Season,"Animation, Kids, Police/Cop",6.0
53,TV Show,Critter Fixers: Country Vets,United States,Sullivan Jones,2020,"July 28, 2021",TV-14,2 Seasons,"Animals & Nature, Docuseries, Family",6.0
122,TV Show,Mickey Go Local,Unknown,"Azran Bin Ahmad, Rozita Binti Mohamed Hussain, Shamsir Bin Mohd Shahar, Suzana Binti Ahmad",2019,"February 26, 2021",TV-G,1 Season,"Animation, Comedy, Kids",6.0
231,TV Show,Austin & Ally,United States,"Ross Lynch, Laura Marano, Raini Rodriguez, Calum Worthy",2011,"January 1, 2020",TV-G,4 Seasons,"Comedy, Coming of Age, Kids",5.9
356,TV Show,The Avengers: United They Stand,"France, Canada, United States","Martin Roach, Rod Wilson, Lenore Zann, Ron Rubin, Hamish McEwan, Lynda Ballantyne",1999,"November 12, 2019",TV-Y7,1 Season,"Action-Adventure, Animation, Kids",5.9
36,TV Show,"Mira, Royal Detective",United States,"Leela Ladnier, Utkarsh Ambudkar, Roshni Edwards, Kal Penn, Kamran Lucas",2020,"September 8, 2021",TV-Y,2 Seasons,"Animation, Fantasy, Kids",5.9
80,TV Show,MUPPET BABIES,"South Korea, United States, China, Japan","Matt Danner, Melanie Harrison, Ben Diskin, Eric Bauza, Dee Baker, Jessica DiCicco",2017,"June 4, 2021",TV-Y,3 Seasons,"Animation, Kids",5.7
145,TV Show,Goldie & Bear,United States,"Georgie Kidder, Justine Huxley, Natalie Lander, Jim Cummings, David Kaufman, David Lodge",2015,"November 6, 2020",TV-Y,2 Seasons,"Action-Adventure, Animation, Buddy",5.7
164,TV Show,Earth to Ned,United States,Unknown,2020,"September 4, 2020",TV-PG,1 Season,"Comedy, Parody, Science Fiction",5.667
192,TV Show,The Big Fib,United States,Unknown,2019,"May 22, 2020",TV-PG,1 Season,"Family, Game Show / Competition",5.6
171,TV Show,Muppets Now,United States,"Dave Goelz, Matt Vogel, David Rudman, Peter Linz, Bill Barretta, Eric Jacobson",2020,"July 31, 2020",TV-PG,1 Season,"Comedy, Family, Lifestyle",5.542
86,TV Show,Fury Files,Unknown,Chi McBride,2013,"May 21, 2021",TV-Y7,1 Season,"Animation, Superhero",5.5
170,TV Show,Marvel Funko Shorts,Unknown,Unknown,2016,"July 31, 2020",TV-Y7,2 Seasons,"Action-Adventure, Animation, Anthology",5.5
187,TV Show,The Greeks,United States,Toby Moore,2016,"June 5, 2020",TV-PG,1 Season,"Docuseries, Historical",5.5
173,TV Show,Wild Congo,Unknown,Corey Johnson,2014,"July 24, 2020",TV-PG,1 Season,"Animals & Nature, Docuseries, Family",5.5
350,TV Show,Star Wars Forces of Destiny (Shorts),United States,"Ashley Eckstein, Matt Lanter, C1-10P a.k.a. ""Chopper"" , John Boyega, Vanessa Marshall, Felicity Jones",2016,"November 12, 2019",TV-Y7,2 Seasons,"Action-Adventure, Animation, Anthology",5.3
232,TV Show,Billy Dilley's Super-Duper Subterranean Summer,United States,"Aaron Springer, Catherine Wayne, Tom Kenny",2016,"January 1, 2020",TV-Y7,1 Season,"Animation, Comedy, Fantasy",5.3
23,TV Show,Disney's Magic Bake-Off,United States,"Issac Ryan Brown, Dara Reneé, Graciela Gomez",2021,"September 29, 2021",TV-G,1 Season,"Family, Game Show / Competition",5.25
4,TV Show,"Dr. Oakley, Yukon Vet",United States,"Dr. Michelle Oakley, Zachary Fine",2013,"November 17, 2021",TV-PG,10 Seasons,"Action-Adventure, Animals & Nature, Docuseries",5.2
5,TV Show,Disney Fancy Nancy,"United States, Canada","Mia Jenness, Alyson Hannigan, Rob Riggle, Spencer Moss, Dana Heath",2018,"November 12, 2021",TV-PG,3 Seasons,"Animation, Kids",5.2
353,TV Show,Star Wars: Blips,United States,Unknown,2019,"November 12, 2019",TV-Y7-FV,1 Season,Series,5.2
75,TV Show,Star Wars Vintage: Droids,Unknown,"Anthony Daniels, R2-D2, Lesleh Donaldson, Andrew Sabiston, Don Francks, Dan Hennessey",1985,"June 18, 2021",TV-Y7-FV,2 Seasons,"Action-Adventure, Animation, Fantasy",5.1
56,TV Show,Minnie's Bow-Toons: Party Palace Pals,Unknown,"Tress MacNeille, Nika Futterman, Kaitlyn Robrock",2021,"July 28, 2021",TV-Y7,1 Season,"Animation, Kids",5.056
104,TV Show,Future-Worm!,United States,"Andy Milonakis, James Adomian, Corey Burton, Melanie Lynskey, Ryan Quincy, Neil deGrasse Tyson",2016,"April 9, 2021",TV-Y7,1 Season,"Family, Kids",5.0
207,TV Show,Paradise Islands,Unknown,Michael Izqueirdo,2017,"April 10, 2020",TV-PG,1 Season,"Animals & Nature, Docuseries, Family",5.0
227,TV Show,Muppet Babies Show and Tell (Shorts),Unknown,"Matt Danner, Melanie Harrison, Ben Diskin, Eric Bauza, Dee Baker, Jessica DiCicco",2017,"January 15, 2020",TV-Y7,1 Season,"Animation, Kids",5.0
226,TV Show,Disney Randy Cunningham: 9th Grade Ninja,"United Kingdom, United States, Ireland","Ben Schwartz, Andrew Caldwell, Tim Curry, John DiMaggio, Kevin Richardson, Dave Wittenberg",2011,"January 15, 2020",TV-Y7,2 Seasons,"Action-Adventure, Animation, Comedy",5.0
167,TV Show,Weird But True!,United States,"Charlie Engelman, Kirby Engelman",2017,"August 14, 2020",TV-G,3 Seasons,"Animals & Nature, Kids, Variety",5.0
166,TV Show,Spaced Out,Unknown,Ben DeTour,2018,"August 14, 2020",TV-G,1 Season,"Docuseries, Kids",5.0
225,TV Show,Continent 7: Antarctica,United States,Chris Browning,2016,"January 15, 2020",TV-PG,1 Season,"Action-Adventure, Animals & Nature, Docuseries",5.0
211,TV Show,Be Our Chef,Unknown,Angela Kinsey,2020,"March 27, 2020",TV-G,1 Season,"Family, Game Show / Competition",5.0
149,TV Show,India From Above,Unknown,Dev Patel,2019,"October 23, 2020",TV-PG,1 Season,"Docuseries, Reality",5.0
212,TV Show,Disney I Didn't Do It,United States,"Olivia Holt, Austin North, Piper Curda, Peyton Clark, Sarah Gilman",2013,"March 20, 2020",TV-G,2 Seasons,"Comedy, Family",5.0
126,TV Show,Marvel Battleworld: Mystery of the Thanostones,United States,"Giles Panton, Rebecca Shoichet, Jesse Inocalla, Brad Swaile, Deven Mack, Ian Hanlin",2020,"February 12, 2021",TV-Y7-FV,1 Season,"Action-Adventure, Animation, Fantasy",5.0
263,TV Show,Disney Fast Layne,United States,"Sophie Pollono, Sofia Rosinsky, Brandon Rossel, Winslow Fegley",2018,"November 12, 2019",TV-G,1 Season,"Action-Adventure, Animation, Comedy",4.8
267,TV Show,Disney JONAS,United States,"Kevin Jonas, Joe Jonas, Nick Jonas, Chelsea Staub, Nicole Anderson, John Ducey",2008,"November 12, 2019",TV-G,2 Seasons,"Comedy, Family, Kids",4.8
266,TV Show,Disney Jake and the Never Land Pirates,United States,"Madison Pettis, Colin Ford, Jonathan Heit, David Arquette, Corey Burton",2010,"November 12, 2019",TV-Y,4 Seasons,"Action-Adventure, Animation, Fantasy",4.8
265,TV Show,Disney Gravity Falls (Shorts),Unknown,Unknown,2012,"November 12, 2019",TV-G,1 Season,"Animation, Anthology, Comedy",4.8
264,TV Show,Disney Gravity Falls,United States,"Kristen Schaal, Jason Morgan, Alex Hirsch",2011,"November 12, 2019",TV-Y7,2 Seasons,"Action-Adventure, Animation, Comedy",4.8
45,TV Show,America's Funniest Home Videos: Animal Edition,Unknown,Alfonso Ribeiro,2021,"August 11, 2021",TV-PG,1 Season,Reality,4.8
262,TV Show,Disney Family Sundays,United States,Unknown,2019,"November 12, 2019",TV-G,1 Season,"Anthology, Family, Lifestyle",4.8
10,TV Show,PJ Masks,"France, United Kingdom","Kyle Breitkopf, Jacob Ursomarzo, Addison Holley",2015,"October 20, 2021",TV-Y7,5 Seasons,"Action-Adventure, Animation, Kids",4.682
137,TV Show,Wild Nordic,Unknown,Dan Nachtrab,2019,"December 18, 2020",TV-PG,1 Season,"Animals & Nature, Docuseries, Reality",4.5
57,TV Show,Turning the Tables with Robin Roberts,Unknown,Robin Roberts,2021,"July 28, 2021",TV-PG,1 Season,Talk Show,3.5
200,TV Show,Unlikely Animal Friends,United States,Mark Keller,2012,"May 1, 2020",TV-G,3 Seasons,"Animals & Nature, Docuseries, Family",3.5
127,TV Show,Wicked Tuna: Outer Banks,Unknown,Bill Ratner,2013,"February 5, 2021",TV-14,7 Seasons,"Animals & Nature, Docuseries, Family",3.5
41,TV Show,Dr. K's Exotic Animal ER,Unknown,"Dr. Susan Kelleher, Art Edmonds",2014,"August 25, 2021",TV-14,9 Seasons,"Animals & Nature, Docuseries, Family",3.0
11,TV Show,The Wild Life of Dr. Ole,Unknown,Unknown,2021,"October 20, 2021",TV-PG,1 Season,"Animals & Nature, Reality",3.0
342,TV Show,Rocky Mountain Animal Rescue,United States,Chopper Bernet,2018,"November 12, 2019",TV-PG,1 Season,"Animals & Nature, Docuseries, Family",2.0
25,TV Show,Ready for Preschool,Unknown,Unknown,2019,"September 29, 2021",TV-Y,2 Seasons,"Kids, Music",2.0
148,TV Show,Gathering Storm,United States,Tucker McDougall,2020,"October 23, 2020",TV-PG,1 Season,"Animals & Nature, Docuseries",2.0
288,TV Show,"Dr. T, Lone Star Vet",United States,Dr. Lauren Thielen,2019,"November 12, 2019",TV-PG,1 Season,"Docuseries, Family, Medical",2.0
15,TV Show,Secrets of the Zoo: North Carolina,Unknown,Unknown,2020,"October 13, 2021",TV-14,1 Season,Reality,2.0
289,TV Show,Elena of Avalor (Shorts),Unknown,"Aimee Carrero, Jenna Ortega, Maximus Riegel, Gia Lopez, Desmond Gerber, Mick Wingert",2017,"November 12, 2019",TV-Y,2 Seasons,"Action-Adventure, Animation, Fantasy",2.0
