,Type,Title,Country,Director,Cast,Release Year,Rating,Duration,Genres,Vote Average
1064,TV Show,DOM,BR,Unknown,"Gabriel Leone, Flávio Tolezani, Filipe Bragança, Laila Garin, Wilson Rabelo, Fábio Lago, Mariana Cerrone, Raquel Villar, Isabella Santoni, Ramon Francisco, Digão Ribeiro",2021,NR,1 Season,Drama,10.0
98,TV Show,The World Wars,US,Unknown,Unknown,2014,TV-14,1 Season,Special Interest,10.0
377,TV Show,Pocket.watch Onyx Family Ultimate mishmash,GB,Unknown,"Mirthell Mitchell, Rita Mitchell, Shalom Mitchell, Sinead Mitchell, Sade Mitchell, Shiloh Mitchell",2020,TV-Y7,1 Season,Kids,10.0
1264,TV Show,Pete the Cat,Unknown,Unknown,"Jacob Tremblay, Jeff “Swampy” Marsh, KT Tunstall, Don Was, Alyson Stoner, Atticus Shaffer, Indie Nameth, Juliet Donenfeld, Felix Avitia, Jessica Biel, Rhys Darby, Pamela Adlon, Fred Tatasciore, Diedrich Bader, Jesse Tyler Ferguson, Jim Parsons, Tom Freund",2021,ALL,8 Seasons,Kids,10.0
1369,TV Show,Act 6 - Series 2,CN,Unknown,1,2021,ALL,1 Season,TV Shows,10.0
1373,TV Show,ACT 2 - Series 6,CN,Unknown,1,2021,ALL,1 Season,TV Shows,10.0
1066,TV Show,Baywatch Hawaii,US,Unknown,"Jason Momoa, Stacy Kamano, Michael Bergin, Brande Roderick, Charlie Brumbly, Krista Allen, Jason Brooks",2001,TV-PG,2 Seasons,TV Shows,10.0
319,TV Show,Rob Delaney: Jackie,US,Unknown,Rob Delaney,2020,18+,1 Season,"Arts, Entertainment, and Culture, Comedy",10.0
1378,TV Show,AWS DeepRacer TV,IT,Unknown,Blaine Sundrud,2019,ALL,1 Season,"Documentary, Special Interest",10.0
317,TV Show,Rolie Polie Olie,CA,Unknown,"Cole Caplan, Adrian Truss, Kristen Bone, Catherine Disher",1998,TV-Y,1 Season,"Animation, Kids",10.0
602,TV Show,"I, Caesar: The Rise and Fall of the Roman Empire",US,Unknown,Unknown,1997,18+,1 Season,"Documentary, Special Interest",10.0
1063,TV Show,Steve and Maggie - Giggles Galore,CN,Unknown,"Steve, Maggie",2021,ALL,1 Season,"Animation, Kids",10.0
645,TV Show,Ground Force Revisited,US,Unknown,"Tommy Walsh, Charle Dimmock, Will Shanahan, Kirsty King",2004,7+,1 Season,"Special Interest, Unscripted",10.0
315,TV Show,"Ronja, the Robber's Daughter",JP,Unknown,"Gillian Anderson, Theresa Gallagher",2017,7+,1 Season,"Anime, Kids",10.0
1158,TV Show,The Incredible Stories of Bimi Boo and Friends,CA,Unknown,"Marlies Dubois, Steven Marriott, Ken Ruffelle, Karilynne Davies, Michelle Weisbom, Steven Marriot, Angela Gooliaff, Emily Kate, Will Wood, Leon De Luna",2021,TV-G,1 Season,"Action, Kids",9.5
1180,TV Show,Socially Distanced,US,Unknown,"Jeff Willy, Kirsten Trammell, Priya Gopalan, Levi Connelly, Babak Shahrokh, Anne Schreiber, Susan G. Carter, Benjamin Mumford-Zisk, Altin Axel, Celina C. Goetti, Eleanor Repass, Elizabeth Lawson, Daniel Neri, Rachel Patchett, Maegan Gephart, Jennifer Cramer, Teresa Hunt",2020,16+,1 Season,"Comedy, Drama",9.0
677,TV Show,Gangstars (Telugu),GB,Unknown,"Jagapati Babu, Navdeep, Sidhu, Swetha Basu Prasad, Sivaji, Apoorva Arora, Aiswarya, Krishna Bhagwan, Dhanraj, Posani",2018,18+,1 Season,International,9.0
1179,TV Show,Tooth & Claw,US,Unknown,Tooth & Claw Field Staff,2020,13+,1 Season,"Action, Adventure, Sports",9.0
31,TV Show,Wild Boys,AU,Unknown,"Daniel MacPherson, Michael Dorman, Alexander England, Zoe Ventoura, Anna Hutchison, Jeremy Sims, Nathaniel Dean, David Field, Caroline Brazier, Krew Boylan",2011,13+,1 Season,"Drama, Western",9.0
1156,TV Show,The Times Table Adventure,CA,Unknown,Unknown,2011,7+,1 Season,"Animation, Kids",9.0
1157,TV Show,Braceface,CA,Unknown,"Alicia Silverstone, Michael Cera, Marnie McPhail, Brooke D'Orsay",2004,TV-Y,4 Seasons,"Animation, Comedy, Kids",9.0
170,TV Show,The Hitchhiker's Guide to the Galaxy,GB,Unknown,"Peter Jones, Simon Jones, David Dixon, Joe Melia",1981,13+,1 Season,Science Fiction,9.0
678,TV Show,Gangstars (Tamil),GB,Unknown,"Jagapati Babu, Navdeep, Sidhu, Swetha Basu Prasad, Sivaji, Apoorva Arora, Aiswarya, Krishna Bhagwan, Dhanraj, Posani",2018,18+,1 Season,International,9.0
521,TV Show,Looped,CA,Unknown,Unknown,2016,TV-Y,2 Seasons,Kids,8.8
188,TV Show,The Face UK,GB,Unknown,"Naomi Campbell, Erin O'Connor, Caroline Winberg",2013,13+,1 Season,TV Shows,8.8
253,TV Show,State of Mind,US,Unknown,"Niamh Cusack, Rowena Cooper, Andrew Lincoln",2003,16+,1 Season,TV Shows,8.8
434,TV Show,Orphan Black (4K UHD),GB,Unknown,"Tatiana Maslany, Jordan Gavaris, Maria Doyle Kennedy, Dylan Bruce, Kevin Hanchard",2014,TV-MA,2 Seasons,"Drama, Science Fiction",8.8
754,TV Show,Detectorists (BBC Series),US,Unknown,"Mackenzie Crook, Toby Jones, Pearce Quigley",2017,TV-14,1 Season,Comedy,8.658
17,TV Show,World’s Toughest Race: Eco-Challenge Fiji,US,Unknown,Bear Grylls,2020,13+,1 Season,Unscripted,8.624
18,TV Show,World War II: When Lions Roared,Unknown,Unknown,"Michael Caine, John Lithgow, Bob Hoskins",1994,TV-14,1 Season,Drama,8.624
858,TV Show,Blippi - Videos for Kids,CN,Unknown,Stevin John,2016,ALL,1 Season,"Kids, Special Interest",8.593
857,TV Show,Blockbusters with Bill Cullen,CN,Unknown,Bill Cullen,1981,TV-G,1 Season,Unscripted,8.593
847,TV Show,Brand New House On a Budget,KR,Unknown,Unknown,2014,13+,1 Season,"Special Interest, Unscripted",8.593
503,TV Show,Man's World,IN,Unknown,"Gaurav Pandey, Gurpreet Saini, Shikha Talsania, Nivedita Shukla, Ramakant Dayma, Ranjini Chakraborty, Silky Khanna, Parineeti Chopra, Kalki Koechlin, Richa Chadda, Soni Razdan, Pritish Nandy, Rhea Chakraborty, Bhumi Pednekar, Miss Malini, Cyrus Sahukar, Shweta Tripathi, Priyanka Bose, Nidhi Singh, Naveen Kasturia, Meiyang Chang, Aditi Singh Sharma, Anupama Chopra, Aditi Mittal",2015,16+,1 Season,Comedy,8.588
1019,TV Show,Dolly's Stories,CN,Unknown,Unknown,2018,ALL,1 Season,"Animation, Kids",8.583
800,TV Show,Colourcloud Palace,IN,Unknown,Unknown,2006,13+,1 Season,"Action, Animation, Anime",8.564
183,TV Show,The First 48 Presents: Homicide Squad Atlanta,US,Unknown,Adam III Lee,2019,TV-14,1 Season,TV Shows,8.558
1374,TV Show,The Z Virus,Unknown,Unknown,Freddie De Grate,2017,18+,1 Season,"Action, Science Fiction",8.5
730,TV Show,Elfen Lied,JP,Unknown,"Kira Vincent-Davis, Adam Conlon",2005,TV-NR,1 Season,Anime,8.472
906,TV Show,Anzac Girls,AU,Unknown,"Georgia Flood, Antonia Prebble, Laura Brent",2014,TV-MA,1 Season,Drama,8.353
75,TV Show,Tom's Paint Shop,Unknown,Unknown,Unknown,2019,ALL,2 Seasons,"Animation, Kids",8.333
78,TV Show,Tom Gleeson: Joy,Unknown,Unknown,Tom Gleeson,2020,16+,1 Season,TV Shows,8.333
1202,TV Show,Founding,CN,Unknown,"Sergey Denga, Euphrosyne Melnik, Ksenia Mishina, Olesya Vlasova, Daniil Mireshkin, Shorena Shonia",2019,16+,1 Season,Drama,8.328
1201,TV Show,Shadow Society,CN,Unknown,"Christopher Reilly, Paul Venier, Jenna Jace, Christopher Pickhardt, Steve Lugo, Alberto Couto",2021,18+,1 Season,Science Fiction,8.328
285,TV Show,Shock and Awe: The Story of Electricity,GB,Unknown,Jim Al-Khalili,2011,ALL,1 Season,Documentary,8.317
1246,TV Show,Love And War,JP,Unknown,"Jay Thomas, Annie Potts, Joanna Gleaon",1995,TV-14,1 Season,TV Shows,8.3
1230,TV Show,Outrageous Vacation Videos,IE,Unknown,Eric Boardman,1999,TV-G,1 Season,Documentary,8.29
363,TV Show,Prime Rewind: Inside The Boys,Unknown,Unknown,"Aisha Tyler, Karl Urban, Laz Alonso",2020,18+,1 Season,Talk Show and Variety,8.286
1418,TV Show,Last Frontier,US,Unknown,"Lon Chaney jr, Dorothy Gulliver",1932,TV-NR,1 Season,"Special Interest, Western",8.28
1275,TV Show,LOL - Enga Siri Paappom,IN,Unknown,"Padmashri Vivek,  Shiva,  Abishek,  Baggy,  Harathi,  Maya S,  Powerstar Srinivasan,  Premgi,  Pugazh,  Sathish,  Syama Harini,  RJ Vignesh",2021,16+,1 Season,Unscripted,8.274
838,TV Show,Busytown Mysteries,CA,Unknown,"Kevin Dennis, Joanne Vannicola, Paul Wensley, Ellie Ellwand, Julie Lemieux, Richard Binsley",2009,ALL,1 Season,"Animation, Kids",8.242
867,TV Show,"Big Dreams, Small Spaces",GB,Unknown,Monty Don,2014,ALL,1 Season,"Special Interest, Unscripted",8.208
660,TV Show,God of Lost Fantasy,CN,Unknown,"Shen Yilun, Wang Ziwen",2020,13+,1 Season,"Action, Drama",8.2
30,TV Show,Wild Kratts,CA,Unknown,"Chris Kratt, Martin Kratt, Athena Karkanis, Jonathan Malen, Heather Bambrick, Zachary Bennett, Eva Almos, Cory Doran, Gavin Kratt, Aidan Kratt, Ronan Kratt, Addison Holley, Maya Lowe, Paige Roughely, Emilia McCarthy, Zoe Fraser, Rachel Marcus, Nolan Kratt, Julie Lemieux, Amariah Faulkner, Christian Martyn, Jacob Ewaniuk, Jaclyn Forbes, Ian Hanson, Aiden Kratt, Charles Vandervaart, Jenna Warren",2011,TV-Y,1 Season,Kids,8.2
1028,TV Show,Foxpro Hunting,CN,Unknown,"Mike Dillon, Al Morris, Abner Druckenmiller",2018,13+,1 Season,Sports,8.196
1031,TV Show,A Murderous Affair in Horizon Tower,CN,Unknown,"Yang Zi Shan, Guo Tao, Angelababy, Lu Yu Lai, Rexen Cheng, Baby Zhang, Ma Liang, Ma Xiao Yuan",2020,13+,1 Season,Drama,8.196
1346,TV Show,Pet Alien Season 1,GB,Unknown,Unknown,2005,TV-Y7,1 Season,"Animation, Comedy, Kids",8.143
542,TV Show,Learn with Ted The Train,CN,Unknown,Unknown,2017,ALL,1 Season,"Animation, Kids, Special Interest",8.126
626,TV Show,Hoarders,US,Unknown,"Matt Paxton, Robin Zasio",2012,TV-PG,5 Seasons,"Documentary, Drama, Unscripted",8.125
389,TV Show,Pinkfong! Halloween Songs,GB,Unknown,Unknown,2017,ALL,3 Seasons,"Animation, Kids",8.125
1390,TV Show,Preacher,US,Unknown,Unknown,2019,TV-MA,4 Seasons,TV Shows,8.117
403,TV Show,Pinkfong! Baby Shark Special,GB,Unknown,Unknown,2017,ALL,1 Season,Kids,8.1
1352,TV Show,The Collection,GB,Unknown,"Mamie Gummer, Jenna Thiam, Max Deacon, Richard Coyle, Tom Riley, Frances de la Tour",2017,16+,1 Season,"Drama, Historical",8.1
1353,TV Show,Momo DIY,GB,Unknown,Unknown,2014,TV-Y,5 Seasons,"Animation, International, Kids",8.1
778,TV Show,Cucumber,GB,Unknown,"Vincent Franklin, Freddie Fox, Julie Hesmondhalgh, Cyril Nri, Fisayo Akinade, Con O'Neill, James Murray, Ceallach Spellman",2015,TV-MA,1 Season,TV Shows,8.091
187,TV Show,The Fades,GB,Unknown,"Iain De Caestecker, Daniel Kaluuya, Tom Ellis, Natalie Dormer",2011,TV-14,1 Season,Drama,8.086
185,TV Show,The FBI Files,US,Unknown,"James Kallstrom, Anthony D. Call, John Alcorn, Charla Bather",2002,16+,7 Seasons,Documentary,8.086
909,TV Show,Anne Edmonds: What's Wrong With You?,CA,Unknown,Anne Edmonds,2020,16+,1 Season,"Arts, Entertainment, and Culture",8.07
910,TV Show,Animal Mechanicals,CA,Unknown,Unknown,2011,TV-Y,2 Seasons,"Animation, Kids",8.07
676,TV Show,Garden Invaders,GB,Unknown,"Charlie Dimmock, Andy Sturgeon, Mark Evans, Joe Swift",2000,13+,1 Season,"Documentary, Special Interest",8.052
1081,TV Show,Flack,GB,Unknown,"Anna Paquin, Lydia Wilson, Sophii Okonedo, Rebecca Benson, Genevieve Angelson, Rufus Jones, Arinze Kene, Andrew Leung",2021,16+,2 Seasons,"Comedy, Drama",8.03
212,TV Show,The Amazing Race,US,Unknown,Phil Keoghan,2017,TV-PG,29 Seasons,TV Shows,8.002
1270,TV Show,Booba,RU,Unknown,"Artem Kretov, Elena Solovieva, Vyacheslav Kataev, Roman Karev, Elena Kareva",2021,ALL,1 Season,"Animation, Kids",8.0
776,TV Show,Cultureshock,Unknown,Unknown,"Judd Apatow, Steve Bannos",2018,TV-14,1 Season,Documentary,8.0
1109,TV Show,Bubble Bip,CN,Unknown,"Marc Gómez, Christina Jopling, Cydney Fam, Michael Mena, Paula Barros",2015,7+,2 Seasons,"Animation, Kids",8.0
292,TV Show,Seven Senses of the Re’Union,JP,Unknown,"Kengo Takanashi, Nichika Ohmori, Akari Kito, Kaito Ishikawa, Takuma Terashima",2018,TV-NR,1 Season,TV Shows,8.0
1253,TV Show,Tayo's Summer Song Series,KR,Unknown,Unknown,2020,ALL,1 Season,"Animation, Kids",8.0
416,TV Show,Peekaboo I See You Series,CA,Unknown,Unknown,2015,ALL,1 Season,"Animation, Kids",8.0
291,TV Show,Shaitaan Haveli,IN,Unknown,"Bhupesh Singh, Varun Thakur, Neha Chauhan, Pippa Hughes, Monica Gupta",2018,TV-NR,1 Season,Comedy,8.0
841,TV Show,Buffy The Vampire Slayer,US,Unknown,"Sarah Michelle Gellar, Nicholas Brendon, Alyson Hannigan",2003,TV-14,7 Seasons,"Action, Adventure, Drama",8.0
418,TV Show,Paula's Home Cooking,US,Unknown,Unknown,2002,TV-G,12 Seasons,Special Interest,8.0
278,TV Show,Sing-Along-Songs For Kids,US,Unknown,Jolly Jingle Works,2013,ALL,1 Season,Kids,8.0
1075,TV Show,Can You Dream of More,GB,Unknown,"Aleksandra Sizonenko, Vlad Nikityuk, Irina Verenich-Ostrovskaya, Sergey Dzyalik",2020,16+,1 Season,Drama,8.0
541,TV Show,Legend of Bruce Lee,CN,Unknown,"Danny Chan, Michael Jai White, Ray Park, Michelle Lang",2008,TV-NR,1 Season,"Action, Adventure, International",7.997
621,TV Show,Honest Men,US,Unknown,"Tripp Ali, Donta Hensley, King David, Gary Lavard, Devon Toran",2017,TV-NR,1 Season,"Drama, LGBTQ, Suspense",7.95
641,TV Show,H2O: Just Add Water,AU,Unknown,"Cariba Heine, Phoebe Tonkin, Angus McLaren",2010,TV-PG,3 Seasons,Kids,7.929
637,TV Show,Hangar 1: The UFO Files,US,Unknown,"Nik Petcov, Cornell Womack",2015,TV-PG,2 Seasons,"Science Fiction, Suspense, Unscripted",7.929
908,TV Show,Annedroids,CA,Unknown,"Addison Holley, Jadiel Dowlin, Adrianna Di Liello",2017,ALL,4 Seasons,Kids,7.9
905,TV Show,Armed Girl's Machiavellism,JP,Unknown,Unknown,2017,TV-14,1 Season,"Action, Adventure, Anime",7.9
215,TV Show,The Adventures of Tintin,CA,Unknown,Unknown,2019,7+,3 Seasons,"Action, Animation, Kids",7.884
382,TV Show,Pinkfong! Time Songs,GB,Unknown,Unknown,2017,ALL,1 Season,"Animation, Kids",7.867
764,TV Show,Dark Shadows: The Beginning,US,Unknown,"Joan Bennett, Mitchell Ryan, Louis Edmonds, Nancy Barrett, Joel Crothers, Alexandra Isles, Kathryn Leigh Scott, Dana Elcar, David Henesy, Thayer David, Conard Fowkes, Hugh Franklin, Clarice Blackburn, John Karlen",1967,TV-PG,6 Seasons,"Drama, Science Fiction",7.865
1250,TV Show,Junichi,JP,Unknown,"Jun Shison, Mina Fujii, Mieko Harada",2019,13+,1 Season,"Drama, Romance",7.861
1249,TV Show,S.O.Z: Soldiers or Zombies,ES,Unknown,"Sergio Peris-Mencheta, Horacio García-Rojas, Toby Schmitz, Fátima Molina, Steve Wilcox, James Moses Black",2021,16+,1 Season,Suspense,7.861
1176,TV Show,El Cid,ES,Unknown,Unknown,2021,16+,2 Seasons,Drama,7.857
1175,TV Show,Heroes Never Die The Miniseries,US,Unknown,"Vyacheslav Dovzhenko, Roman Yasinovskiy, Andrey Isaenko, Viktor Zhdanov, Makar Tikhomirov",2017,TV-14,1 Season,"Action, Drama",7.857
1221,TV Show,Gourmet in Tang Dynasty,CN,Unknown,"Zixuan Li, Runnan Liu",2021,18+,1 Season,TV Shows,7.836
1225,TV Show,Funny Little Stories,PT,Unknown,Unknown,2021,16+,1 Season,Comedy,7.836
1228,TV Show,"Thomas & Friends 18, 19, 20, 21",GB,Unknown,Joseph May,2017,TV-Y,4 Seasons,"Animation, Kids",7.836
1364,TV Show,"Do, Re & Mi",US,Unknown,"Jackie Tohn, Kristen Bell, Luke Youngblood",2021,NR,2 Seasons,"Animation, Anime, Kids",7.829
1409,TV Show,When Hope Calls,US,Unknown,"Morgan Kohan, Jocelyn Hudon, Ryan-James Hatanaka, Greg Hovanessian, Hanneke Talbot, Jefferson Brown",2019,TV-G,1 Season,Drama,7.819
1286,TV Show,The Secret of Crickley Hall,GB,Unknown,"Suranne Jones, Tom Ellis, Douglas Henshall, David Warner, Sarah Smart, Iain De Caestecker, Donald Sumpter",2012,16+,1 Season,"Drama, Horror",7.806
515,TV Show,Love and Redemption,CN,Unknown,"Cheng Yi, Yuan BingYan, Liu XueYi",2020,13+,1 Season,"Drama, Romance",7.8
753,TV Show,Dexter,US,Unknown,"Michael C. Hall, Jennifer Carpenter, Desmond Harrington, C.S. Lee, Lauren Vélez, David Zayas, James Remar",2013,TV-MA,8 Seasons,"Drama, Suspense",7.8
392,TV Show,Pinkfong! Dinosaur Songs (Spanish Version),GB,Unknown,Unknown,2014,ALL,1 Season,"Animation, Kids",7.8
509,TV Show,Made In Heaven,IN,Unknown,"Shivani Raghuvanshi, Kalki Koechlin, Shashank Arora, Sobhita Dhulipala, Jim Sarbh, Arjun Mathur",2019,16+,1 Season,"Drama, International",7.8
1024,TV Show,Hogu's Love,KR,Unknown,"Choi Woo-Sik, Uee, Im Seul-Ong",2015,13+,1 Season,"Comedy, Drama, Romance",7.8
844,TV Show,Breathe,IN,Unknown,"Amit Sadh, Neena Kulkarni, Sapna Pabbi, Hrishikesh Joshi, R. Madhavan, Shri Swara, Atharva Vishwakarm",2018,16+,1 Season,Drama,7.8
1267,TV Show,Eternal Love of Dream,CN,Unknown,"Dilraba Dilmurat, Vengo Gao, James Li, Lawrence Wang, Yuan Yu Xuan, Fan Zhi Xin",2020,13+,1 Season,"Drama, Romance, Science Fiction",7.8
1234,TV Show,Bite Me,TH,Unknown,"Yousef Abu-Taleb, Justin Giddings, Ryan Welsh, Dani Lennon, Risdon Roberts",2012,TV-MA,1 Season,"Comedy, Horror",7.8
1235,TV Show,Ascension,CA,Unknown,"Brandon P. Bell, Tricia Helfer, Brian Van Holt, Ryan Robbins, Al Sapienza, Tiffany Lonsdale, Andrea Roth, Jacqueline Byers, Ellie O'Brien, PJ Boudousque, Gil Bellows, Lauren Lee Smith",2015,TV-MA,1 Season,"Drama, Science Fiction",7.8
1236,TV Show,Rosemary's Baby,US,Unknown,"Zoe Saldana, Patrick J. Adams",2014,TV-14,1 Season,Drama,7.8
1237,TV Show,Baby Shark's Day at School,US,Unknown,Unknown,2021,TV-G,1 Season,"Animation, Kids",7.8
963,TV Show,A French Village (English subtitled),JP,Unknown,"Thierry Godard, Robin Renucci, Audrey Fleurot, Fabrizio Rongione, Richard Sammel",2013,16+,3 Seasons,TV Shows,7.8
1257,TV Show,Himote House,JP,Unknown,"Suzaki Aya, Akesaka Satomi, Mimori Suzuko, Mizuhara Koru, Uesaka  Sumire, Nishi Asuka",2018,13+,1 Season,Animation,7.8
964,TV Show,A Difficult Woman,AU,Unknown,"Caroline Goodall, Peter Feeney, Martin Jacobs",1998,16+,1 Season,"Drama, Suspense",7.8
1007,TV Show,Word of Honor,CN,Unknown,"Zhehan Zhang, Jun Gong, Ye Zhou, Wenyuan Ma, Xilun Sun, Le Jin",2021,18+,2 Seasons,"Action, Drama, Romance",7.792
1032,TV Show,Rainbow Rangers,US,Unknown,"Aileen Mythen, Penelope Rawlins, Juliette Crosbie",2019,7+,1 Season,"Action, Animation, Kids",7.788
1406,TV Show,My Magic Pet Morphle - Adventures of Mila & Morphle,DE,Unknown,Unknown,2021,ALL,14 Seasons,"Animation, Kids",7.775
1408,TV Show,Gamma smoke test,JP,Unknown,Unknown,2020,ALL,1 Season,Action,7.775
211,TV Show,The American Civil War: A Union Divided,Unknown,Unknown,Unknown,2019,18+,1 Season,"Documentary, Special Interest",7.773
1294,TV Show,Def Comedy Jam,US,Unknown,"Steve Harvey, Kid Capri, James Hannah, Jack Shepherd, Chinnitta Morris (Chocolate)",1992,TV-MA,7 Seasons,"Arts, Entertainment, and Culture, Comedy",7.771
922,TV Show,American Pickers,US,Unknown,"Mike Wolfe, Frank Fritz, Danielle Colby-Cushman",2010,TV-PG,1 Season,TV Shows,7.769
23,TV Show,Wonders of Mexico,GB,Unknown,Anthony Mendez,2018,TV-G,1 Season,"Documentary, Special Interest",7.763
1287,TV Show,Pequeñas Victorias,GB,Unknown,Unknown,2021,TV-PG,1 Season,Drama,7.759
460,TV Show,My Mother and Other Strangers,GB,Unknown,"Hattie Morahan, Owen McDonnell, Aaron Staton, Antonia Campbell-Hughes, Corey Cott, Gavin Drea, Seamus O'Hara, Eileen O'Higgins, Kerr Logan, Des McAleer, Ryan McParland, Michael Nevin, Fiona O'Shaughnessy",2017,13+,1 Season,"Drama, Historical",7.745
722,TV Show,Fake or Fortune,GB,Unknown,"Fiona Bruce, Philip Mould",2014,13+,3 Seasons,TV Shows,7.73
140,TV Show,The Neighbors [English Subtitled],US,Unknown,"Bracha van Doesburgh, Daan Schuurmans, Thijs Römer, Karina Smulders, Fedja van Huêt, Anneke Blok, Hannah van Lunteren, Leopold Witte",2016,TV-NR,2 Seasons,"Drama, Suspense",7.726
145,TV Show,The Moonstone,GB,Unknown,"John Thomson, Sarah Hadland, Terenia Edwards, Joshua Silver, Sophie Ward, Stewart Clarke, Leo Wringer",2016,TV-PG,1 Season,"Drama, Suspense",7.726
149,TV Show,The Men Who Built America,US,Unknown,"Matt Boliek, John C. Bailey",2014,TV-PG,1 Season,"Documentary, Special Interest",7.726
309,TV Show,Scaredy Squirrel,CA,Unknown,"Terry McGurrin, Jonathan Gould, Pat McKenna, Linda Kash, Jayne Eastwood, David Berni, Jamie Watson, Dwayne Hill",2012,TV-G,4 Seasons,"Animation, Kids",7.716
615,TV Show,Howards End,GB,Unknown,"Hayley Atwell, Philippa Coulthard, Matthew Macfadyen, Alex Lawther, Joe Bannister, Donna Banya, Tracey Ullman, Bessie Carter, Joseph Quinn, Rosalind Eleazar",2018,TV-14,1 Season,"Drama, Special Interest",7.71
197,TV Show,The Challenge: ETA,ES,Unknown,Unknown,2020,16+,1 Season,Documentary,7.7
229,TV Show,Take Us Home: Leeds United,GB,Unknown,"Russell Crowe, Andrea Radrizanni, Marcelo Bielsa, Victor Orta, Angus Kinnear, Liam Cooper, Luke Ayling, Kalvin Phillips, Patrick Bamford, Nikolaj Coster-Waldau, Ralph Ineson, Josh Warrington, James Mooney",2020,16+,2 Seasons,TV Shows,7.652
230,TV Show,Sword Oratoria: Is it Wrong to Try to Pick Up Girls in a Dungeon? On the Side,JP,Unknown,Unknown,2017,TV-14,1 Season,"Action, Anime, Fantasy",7.652
371,TV Show,Pramface,GB,Unknown,"Sean Michael Verey, Scarlett Alice Johnson, Angus Deayton, Anna Chancellor",2014,TV-14,3 Seasons,"Comedy, Young Adult Audience",7.624
370,TV Show,Preachers' Daughters,US,Unknown,"Audrey Perry, Cheryl Perry",2013,TV-PG,1 Season,"Drama, Unscripted",7.624
921,TV Show,American Playboy,US,Unknown,"Hugh Hefner, Matt Whelan",2017,18+,1 Season,"Documentary, Drama, Special Interest",7.621
490,TV Show,Megastructures Dubai,GB,Unknown,Ian Miche,2016,7+,1 Season,"Documentary, Special Interest",7.611
1365,TV Show,Clip: ACT 2 - Series 5,US,Unknown,1,2021,ALL,1 Season,TV Shows,7.606
64,TV Show,Truth Seekers,GB,Unknown,"Nick Frost, Malcolm McDowell, Samson Kayo, Susan Wokoma, Emma D'Arcy, Simon Pegg",2020,16+,1 Season,Comedy,7.602
923,TV Show,American High School,US,Unknown,Unknown,2016,13+,1 Season,"Documentary, Unscripted",7.6
446,TV Show,Nursery Rhymes and Kids Songs by KiiYii (Made by Little Baby Bum),US,Unknown,Unknown,2019,ALL,5 Seasons,Kids,7.6
313,TV Show,Rubbadubbers,GB,Unknown,"John Gordon Sinclair, Sean Hughes, Maria Darling",2005,TV-Y,4 Seasons,Kids,7.6
61,TV Show,UFO Files,US,Unknown,"Burton Richardson, Stanton Friedman",2004,TV-PG,1 Season,"Horror, Suspense",7.6
1259,TV Show,The Sneaker Game,US,Unknown,Randie Graves,2021,18+,1 Season,"Special Interest, Unscripted",7.6
605,TV Show,I Shouldn't Be Alive,US,Unknown,Eric Meyers,2010,13+,3 Seasons,"Documentary, Drama",7.6
938,TV Show,All or Nothing: The Michigan Wolverines,US,Unknown,Mark Harmon,2018,16+,1 Season,"Sports, Unscripted",7.6
216,TV Show,The A Word,GB,Unknown,"Christopher Eccleston, Lee Ingleby, Morven Christie, Greg McHugh, Vinette Robinson, Max Vento",2016,TV-NR,2 Seasons,Drama,7.6
965,TV Show,99 Days With the Superstar,JP,Unknown,"Hidetoshi Nishijima, Jun Kaname, Kim Tae-hee, Taecyeon",2011,13+,1 Season,"Comedy, Romance",7.591
907,TV Show,Anonymous Noise,JP,Unknown,Unknown,2017,TV-14,1 Season,"Anime, Drama, International",7.59
651,TV Show,Grand Prix Driver,US,Unknown,Michael Douglas,2018,7+,1 Season,"Documentary, Sports",7.585
411,TV Show,Peter Allen: Not The Boy Next Door,AU,Unknown,"Joe Jackson, Rebecca Gibney, Sara West, Rob Mills, Ky Baldwin, Sigrid Thornton",2015,18+,1 Season,TV Shows,7.571
546,TV Show,Ladyboys: Inside Thailand's Third Gender,Unknown,Unknown,Unknown,2014,18+,1 Season,"Documentary, International",7.5
687,TV Show,Frontline: Trump's Showdown,CA,Unknown,Unknown,2018,TV-PG,1 Season,"Documentary, Special Interest",7.5
795,TV Show,Comrade Detective,US,Unknown,"Channing Tatum, Joseph Gordon-Levitt, Jenny Slate, Chloe Sevigny, Nick Offerman, Jake Johnson, Jason Mantzoukas, Beck Bennett",2017,18+,1 Season,Comedy,7.5
845,TV Show,Bread Barbershop,KR,Unknown,Unknown,2020,ALL,1 Season,"Animation, Kids",7.5
1126,TV Show,Lucky Fred,ES,Unknown,"Rupert Degas, Paul Kaye, Elizabeth Sankey",2009,7+,1 Season,"Action, Animation, Kids",7.5
461,TV Show,My Kitchen Rules New Zealand,Unknown,Unknown,Ben Bayly,2016,13+,4 Seasons,Special Interest,7.5
793,TV Show,Corazon Contento,MX,Unknown,"Enrique Altamira, Blanca Echeverria, Jimena Picos, Augusto Palma",2018,TV-NR,1 Season,Comedy,7.5
404,TV Show,Pinkfong! Baby Shark Sing Along,GB,Unknown,Unknown,2019,ALL,3 Seasons,"Animation, Kids",7.464
1419,TV Show,Killer Kids,Unknown,Unknown,Unknown,2013,TV-14,1 Season,"Documentary, Special Interest",7.464
407,TV Show,Picnic at Hanging Rock,AU,Unknown,"Natalie Dormer, Lily Sullivan, Lola Bessis, Harrison Gilbertson, Samara Weaving",2018,16+,1 Season,Drama,7.464
293,TV Show,Series_Project_UN_Test_UHD,JP,Unknown,"Test Actor 1, Test Actor 2",2020,TV-G,1 Season,"Comedy, Drama",7.452
297,TV Show,Seeing Canada,Unknown,Unknown,Brandy Yanchyk,2019,13+,2 Seasons,"Documentary, Special Interest",7.452
691,TV Show,Free Meek,US,Unknown,Meek Mill,2019,18+,1 Season,"Documentary, Drama, Special Interest",7.436
840,TV Show,Burn Notice,US,Unknown,"Bruce Campbell, Kiele Sanchez, RonReaco Lee",2011,TV-PG,8 Seasons,Drama,7.417
1131,TV Show,The Adventures of Joe Coodryette,GB,Unknown,"Jason Pasnikowski, Ed Hennessy, Bernard Friedland",2021,7+,1 Season,"Animation, Kids",7.417
27,TV Show,Wipeout Australia,AU,Unknown,"James Brayshaw, Josh Lawson, Kelly Landry",2009,7+,1 Season,"Comedy, Documentary, Unscripted",7.412
991,TV Show,GameOn Titans,AT,Unknown,"Sam Seum, Lance ""Powerbang"" Frisbee, Andrea AKA AleDreamGameOn, Coda AKA GymLeaderCoda, Eric AKA TygurStyle, Lukas AKA RealBluTV, Nola AKA NovaLightSky, Reese AKA LowKeyRG, Tanya AKA TanyaLynett, Tim AKA TimTheBrodie",2021,13+,1 Season,TV Shows,7.4
1001,TV Show,Casting The Net,GB,Unknown,"Linara Washington, Apryl Jones, Siena Goines",2021,18+,1 Season,Comedy,7.4
988,TV Show,Gritty Reboots,JP,Unknown,Unknown,2013,18+,1 Season,"Action, Adventure, Comedy",7.4
101,TV Show,The Wilds,US,Unknown,"Rachel Griffiths, Sophia Ali, Reign Edwards, Helena Howard, Mia Healey, Jenna Clause, Erana James, Shannon Berry, Sarah Pidgeon",2020,16+,1 Season,"Drama, Suspense, Young Adult Audience",7.4
980,TV Show,'Allo 'Allo!,GB,Unknown,"Gorden Kaye, Guy Siner, Jeremy Lloyd, Kirsten Cooke",1992,13+,9 Seasons,Comedy,7.4
972,TV Show,3 Caminos,ES,Unknown,"Andrea Bosca, Álex González, Verónica Echegui",2021,Unknown,1 Season,TV Shows,7.4
664,TV Show,Girls' Last Tour,JP,Unknown,Unknown,2017,TV-14,1 Season,"Anime, Drama, International",7.4
569,TV Show,Just Add Magic: Mystery City,US,Unknown,"Jolie Hoang-Rappaport, Tyler Sanders, Jenna Qureshi",2020,ALL,1 Season,"Animation, Kids",7.4
251,TV Show,Steven Seagal Lawman,US,Unknown,"Steven Seagal, Larry Dyess",2010,TV-14,2 Seasons,"Documentary, Special Interest",7.4
971,TV Show,3 Caminos (4K UHD),DE,Unknown,"Álex González, Verónica Echegui, Andrea Bosca",2021,Unknown,1 Season,Drama,7.4
445,TV Show,Nursery Rhymes with Color Crew (Spanish audio),US,Unknown,Unknown,2018,ALL,1 Season,"Animation, Kids",7.4
1198,TV Show,Pinkfong! Job Songs,KR,Unknown,Unknown,2021,TV-G,1 Season,"Animation, Kids",7.4
1197,TV Show,Series before 1C onboarding - 1,AU,Unknown,1,2021,13+,1 Season,TV Shows,7.4
1192,TV Show,La Familia,MX,Unknown,"Pau Gasol, Marc Gasol, Jorge Garbajosa, Juan Carlos Navarro, Felipe Reyes, Raül López, José Manuel Calderón, Rudy Fernández, Ricky Rubio, Víctor Claver, Sergio Rodríguez, Alex Mumbrú, Willy Hernangómez, Juancho Hernangómez, Berni Rodríguez",2021,TV-G,1 Season,Sports,7.4
796,TV Show,Cómo Sobrevivir Soltero,MX,Unknown,"Sebastián Zurita, Tato Alexander, Roberto Flores, Fabrizio Santini, Octavio Hinojosa, Lucía Gómez-Robledo, Pamela Almanza",2020,16+,1 Season,Comedy,7.4
802,TV Show,Cody,US,Unknown,"Gary Sweet, Robert Mammone, Heather Mitchell",1995,16+,2 Seasons,"Action, Suspense",7.4
803,TV Show,Cobra Puma Golf All-Access Show,US,Unknown,Unknown,2021,TV-NR,1 Season,Sports,7.4
1117,TV Show,Da Kink In My Hair,CA,Unknown,"Ordena Stephens, Trey Anthony, Ngozi Paul",2009,TV-14,2 Seasons,Comedy,7.4
112,TV Show,The Tick,US,Unknown,"Peter Serafinowicz, Griffin Newman, Valorie Curry, Brendan Hines, Yara Martinez, Scott Speiser",2019,18+,2 Seasons,"Action, Comedy",7.37
65,TV Show,Transparent,US,Unknown,"Trace Lisette, Missi Pyle, Tig Notaro, Jay Duplass, Jerry Adler, Gaby Hoffmann, Judith Light, Richard Kind, Michaela Watkins, Erik Liberman, Jo Lambert, Alia Shawkat, Cherry Jones, Rob Huebel, Melora Hardin, Leslie Margherita, Bradley Whitford, Rainn Wilson, Jenny O'Hara, Kathryn Hahn, Amy Landecker",2019,18+,5 Seasons,"Comedy, Drama, LGBTQ",7.345
454,TV Show,Napoleon: The Man Who Would Rule Europe,US,Unknown,Unknown,2019,13+,1 Season,"Documentary, Special Interest",7.333
553,TV Show,Kung Fu Panda: The Paws of Destiny,US,Unknown,"Gunnar Sizemore, Haley Tju, Chrissy Metz, Makana Say, James Hong, Mick Wingert, Laya DeLeonHayes",2019,7+,2 Seasons,Kids,7.309
526,TV Show,Little Women: Dallas,US,Unknown,"Steve Helling, Bri Barlup",2017,TV-14,2 Seasons,TV Shows,7.308
206,TV Show,The Ave,GB,Unknown,"Brett Puryear, Shaniqua J West",2021,18+,2 Seasons,Suspense,7.307
493,TV Show,Mayday,CA,Unknown,"Koko Anglo, Sophie Okonedo, Peter Firth, Aidan Gillen, Lesley Manville, Matthew Ashforde, Caroline Berry, Daniel Coonan, Tom Fisher, Max Fowler, Richard Hawley, Leila Mimmack",2013,16+,1 Season,"Drama, Fantasy, Suspense",7.301
494,TV Show,Match Game,US,Unknown,Gene Rayburn,1978,TV-PG,3 Seasons,"Special Interest, Unscripted",7.301
1217,TV Show,Oh No! It's An Alien Invasion,CA,Unknown,"Eden Gamliel, Al Mukadam, Dan Chameroy",2013,TV-G,3 Seasons,"Animation, Kids",7.3
421,TV Show,Patriot,US,Unknown,"Chris Conrad, Kurtwood Smith, Michael Dorman, Michael Chernus, Kathleen Munroe, Terry O'Quinn, Aliette Opheim",2018,18+,2 Seasons,"Drama, Suspense",7.3
1358,TV Show,Tugged,CN,Unknown,"Liam Gist, Zakiya Mathews, Ashley Mathaw, Chelley Chelle",2021,18+,1 Season,"Drama, Romance",7.3
1135,TV Show,The Border,CA,Unknown,"James McGowan, Graham Abbey, Nazneen Contractor",2009,16+,3 Seasons,"Drama, Suspense",7.3
162,TV Show,The Kacey Musgraves Christmas Show,US,Unknown,"Dan Levy, Troye Sivan, The Radio City Rockettes, Fred Armisen, Kendall Jenner, Camila Cabello, Lana Del Rey, Leon Bridges, James Corden, Zooey Deschanel",2019,7+,1 Season,Comedy,7.3
241,TV Show,Sunshine Sento-Sake (Subbed) (4k UHD),Unknown,Unknown,Unknown,2016,TV-NR,1 Season,TV Shows,7.3
1361,TV Show,Holby Blue,GB,Unknown,"Cal MacAninch, Jimmy Akingbola, Richard Harrington, Zoe Lucker, Kacey Ainsworth, Tim Pigott-Smith, James Hillier, Chloe Howman, Kieran O'Brien, Sara Powell, Joe Jacobs, Elaine Glover, David Sterne",2007,16+,1 Season,Drama,7.3
1413,TV Show,Terror Lake Drive,US,Unknown,"Shannon Kane, Donielle T. Hansley, Malik Yoba, Lamaan Rucker, Michael Chenevert, Brely Evans, Jen Harper",2020,TV-MA,1 Season,Drama,7.3
1360,TV Show,Rafa Nadal Academy,ES,Unknown,Unknown,2021,7+,1 Season,"Documentary, Sports",7.3
538,TV Show,Legendary Cities,FR,Unknown,Unknown,2014,7+,1 Season,TV Shows,7.284
1068,TV Show,Underbelly: Chopper,AU,Unknown,"Aaron Jeffery, Todd Lasance, Vince Colosimo, Ella Scott Lynch, Jane Allsop",2018,18+,1 Season,Drama,7.275
506,TV Show,MAGI  The Tensho Boys’ Embassy (4K UHD) (Japanese Ver),JP,Unknown,"Shuhei Nomura, Yuki Morinaga, Kai Inowaki, Atsushi Ogata, Gaku Sano, Naoto Ogata, Koji Kikkawa",2019,TV-NR,1 Season,"Drama, International",7.27
507,TV Show,MAGI  The Tensho Boys’ Embassy (4K UHD),JP,Unknown,"Shuhei Nomura, Yuki Morinaga, Kai Inowaki, Atsushi Ogata, Gaku Sano, Naoto Ogata, Koji Kikkawa",2019,TV-NR,1 Season,"Drama, International",7.27
1397,TV Show,Love Story of Court Enemies,CN,Unknown,"Wu Jia Yi, Zhao Yi Qin, Han Jiu Nuo",2021,13+,1 Season,"Drama, Romance",7.263
1272,TV Show,Sing Along with Pinkfong & Hogi,CN,Unknown,Unknown,2021,ALL,4 Seasons,"Animation, Kids",7.25
1233,TV Show,Con Man,US,Unknown,"Alan Tudyk, Jack Donner, Nathan Fillion, Alison Haislip, Vik Sahay, Merrin Dungey, Echo Kellum, Beth Grant, Carol Mansell",2017,TV-MA,2 Seasons,Comedy,7.25
255,TV Show,Star Trek: Voyager,US,Unknown,"Kate Mulgrew, Robert Beltran, Roxann Biggs-Dawson, Jennifer Lien, Robert Duncan McNeill, Ethan Phillips, Robert Picardo, Tim Russ, Garrett Wang, Jeri Ryan",2001,TV-PG,7 Seasons,"Drama, Science Fiction, Special Interest",7.239
281,TV Show,Silk,SA,Unknown,"Maxine Peake, Rupert Penry-Jones, Neil Stuke, Alex Jennings, Phil Davis, Frances Barber",2014,TV-14,3 Seasons,Drama,7.231
361,TV Show,Princess Principal,JP,Unknown,Unknown,2017,TV-14,1 Season,"Action, Adventure, Anime",7.2
904,TV Show,Arthur,US,Unknown,"Cameron Ansell, Jason Szwimer, Daniel Brochu, Bruce Dinsmore, Jodie Resther, Melissa Altro, Sonja Ball, Paul-Stuart Brown, Holly G. Frankel, Eleanor Noble, Arthur Holden, Ryan Tilson, Tyler Brody-Stein, Tamar Kozlov, Ellen David, Jessica Kardos, Sally Taylor-Isherwood, A.J. Henderson, Joanna Noyes, Mark Camacho, Hayley Reynolds, Robert Naylor",2006,TV-G,1 Season,"Animation, Kids",7.2
1427,TV Show,The Alchemists,JP,Unknown,"Grant Show, Ruth Gemmell, Edward Hardwicke",1999,TV-14,1 Season,"Drama, Suspense",7.2
897,TV Show,Baby U (Spanish audio),GB,Unknown,Unknown,2018,ALL,1 Season,"Animation, Kids",7.2
574,TV Show,Jim Henson's Jack and the Beanstalk: The Real Story,US,Unknown,"Matthew Modine, Vanessa Redgrave, Mia Sara, Daryl Hannah, Jon Voight, Richard Attenborough, James Corden, Freddie Highmore",2001,ALL,1 Season,"Adventure, Fantasy",7.179
671,TV Show,Getting On,US,Unknown,"Jo Brand, Joanna Scanlan, Vicki Pepperdine",2012,TV-14,3 Seasons,Comedy,7.176
1357,TV Show,Uprising,GB,Unknown,Unknown,2021,16+,1 Season,Documentary,7.17
535,TV Show,Life In A Tide Pool,US,Unknown,"Danielle Zacher, Bruno Pernet, Jay Smith, Mike Schaadt, Kasey Eunice",2015,ALL,1 Season,"Documentary, Special Interest",7.156
1337,TV Show,Voltaire High,FR,Unknown,"Pierre Deladonchamps, Nina Meurisse, Maud Wyler, Anne Le Ny, Gérald Laroche, François Rollin, Léonie Souchaud, Anouk Villemin, Lula Cotton Frapier, Nathan Parent, Baptiste Masseline, Gaspard Meier-Chaurand, Vassili Schneider",2021,18+,1 Season,Drama,7.12
1304,TV Show,Goliath,US,Unknown,"Billy Bob Thornton, Nina Arianda, Tania Raymonde",2021,TV-MA,4 Seasons,"Drama, Suspense",7.1
1312,TV Show,Fernando 4K UHD,JP,Unknown,Unknown,2021,7+,2 Seasons,"Documentary, Sports",7.1
1320,TV Show,Action Figure Adventure,GB,Unknown,"Jay Bartlett, Rob McCallum, Kevin Smith, Steve Sansweet, William T. Benecke, Tom Kalinske, Brian Flynn, Jordan C. Morris, Glenn Stanway, Mark Taylor",2020,16+,1 Season,Science Fiction,7.1
1319,TV Show,Monty & Co,GB,Unknown,"Nigel Plaskitt, Heather Tobias, Nix Wood, Andrew Linnie",2020,7+,1 Season,Kids,7.1
1318,TV Show,Super Wings,KR,Unknown,"Chasden Gilson-Walker, Cassandra Lee Morris, Bill Rogers, Travis Burnett, Braylyx Rivera-Babbey, Sophia Vernon",2019,TV-Y,4 Seasons,"Animation, Kids",7.1
1317,TV Show,The Harvard Psychologist,JP,Unknown,"Tommy Fury, Mauricio Viteri, Mark Wither",2021,TV-MA,1 Season,TV Shows,7.1
1316,TV Show,Dragon Half,JP,Unknown,"Kotono Mitsuishi, Mariko Kouda, Taeko Kawata",1993,16+,1 Season,"Action, Comedy, Science Fiction",7.1
1315,TV Show,If Paris Downcast,CN,Unknown,"Kan Qing Zhi, Zhang Han",2018,13+,1 Season,"Drama, Romance",7.1
1313,TV Show,Fernando (Dubbed),JP,Unknown,Unknown,2021,7+,2 Seasons,"Documentary, Sports",7.1
1309,TV Show,Paranormal Signs Investigations,JP,Unknown,"Alexander L., Jürgen H., Corinna P., Kurt T., Alexander P.",2021,16+,2 Seasons,"Documentary, Suspense, Unscripted",7.1
1311,TV Show,Fernando 4K UHD (Dubbed),JP,Unknown,Unknown,2021,7+,2 Seasons,"Documentary, Sports",7.1
1305,TV Show,Gigglebug,US,Unknown,Santtu Karvonen,2017,ALL,2 Seasons,"Animation, Kids",7.1
1308,TV Show,RIDE ON TIME,JP,Unknown,Unknown,2021,NR,3 Seasons,Documentary,7.1
1307,TV Show,Rupi Kaur Live,Unknown,Unknown,Rupi Kaur,2021,TV-NR,1 Season,"Arts, Entertainment, and Culture",7.1
1298,TV Show,Raymond & Miguel,US,Unknown,"Raymond Pozo, Miguel Céspedes, Brasheli Santos, Pedro Pérez, Urdaneli Capell",2017,TV-14,1 Season,Comedy,7.1
1306,TV Show,Byron,Unknown,Unknown,"Jonny Lee Miller, Vanessa Redgrave, Natasha Little, Julie Cox",2003,18+,1 Season,Drama,7.1
1300,TV Show,Bluestone Four Two,US,Unknown,"Oliver Chris, Gary Carr, Tony Gardner, Kelly Adams, Stephen Wight, Katie Lyons, Scott Hoatson, Jamie Quinn",2015,16+,3 Seasons,Comedy,7.1
1301,TV Show,Wallpaper,GB,Unknown,Unknown,2020,ALL,2 Seasons,"Documentary, Special Interest",7.1
1302,TV Show,Packed To The Rafters,AU,Unknown,"Rebecca Gibney, Erik Thomson, Michael Caton, George Houvardas, Hugh Sheridan, Angus McLaren",2013,13+,5 Seasons,"Comedy, Drama, Romance",7.1
1303,TV Show,Mumbai Diaries,IN,Unknown,"Mohit Raina, Konkona Sen Sharma, Shreya Dhanwanthary, Sikander Khan, Harpreet Singh, Amit Verma, Abhinav Ranga, Akshay Kohli, Kunj Anand, Pushkaraj Chirputkar, Natasha Bharadwaj, Satyajeet Dubey, Mrunmayee Deshpande, Adithi Kalkunte, Gauri Balaji, Prakash Belawadi, Akshar Kothari, Sucharita Juvekar, Mohini Sharma, Harssh Singh, Mishal Raheja, Tina Desai, Indraneel Bhattacharya, Aditi Gulati, Vasundhara Kaul",2021,16+,1 Season,"Drama, Suspense",7.1
1321,TV Show,Girl Chill,GB,Unknown,"Robert Michael, Roz Stanley, Janine Gateland, Katherine Munroe, Delanie Weidrich, Dionne Neish, Sandra De Sousa, Shante Reece, Benjamin Keller, Luke Steinborn",2021,13+,1 Season,TV Shows,7.1
1310,TV Show,My Magic Pet Morphle - Songs for Kids,JP,Unknown,Unknown,2021,ALL,1 Season,Kids,7.1
514,TV Show,Love of Thousand Years,CN,Unknown,"Zheng Yecheng, Zhao Lusi, Wang Mengli, Liu Yitong",2020,16+,1 Season,"Drama, Romance",7.1
1323,TV Show,Future is Wild,CA,Unknown,"Taylor Abrahamse, Marc Donato, Rob Tinkler, Rick Jones, Julie Lemieux, Paul Haddad, Sunday Muse, Stacey DePass",2008,TV-G,1 Season,"Animation, Kids",7.1
1325,TV Show,KasaK Rahay Gi,CA,Unknown,"Noor Hasan, Zainab Ahmed, Faizan Khawaja, Adla Khan, Sakina Samoo",2018,13+,1 Season,"Drama, Romance",7.1
1324,TV Show,Top Gear (UK),CA,Unknown,"Matt Leblanc, Chris Harris, Rory Reid",2018,TV-14,15 Seasons,"Comedy, Documentary, Special Interest",7.1
1322,TV Show,The Californians,US,Unknown,"Richard Cooga, Sean McClory, Carole Mathews",1959,13+,2 Seasons,Western,7.1
1326,TV Show,JARRETTS,CA,Unknown,"WILLIE D DAVIS, JANELL HUGHES-CHANEY, SHAWN PIERCE, CORLISS REESE",2021,16+,1 Season,TV Shows,7.1
419,TV Show,Paul Chowdhry Live Innit (4K UHD),US,Unknown,Unknown,2019,18+,1 Season,TV Shows,7.03
420,TV Show,Paul Chowdhry Live Innit,US,Unknown,Unknown,2019,18+,1 Season,TV Shows,7.03
819,TV Show,Chacha Vidhayak Hain Humare,IN,Unknown,"Zakir Khan, Vyom Sharma, Kumar Varun, Zakir Hussain, Alka Amin, Abimanyu Singh, Sunny Hinduja, Pritha Bakshi, Venus, Onima Kashyap, Shashi Varma, Susheel Bothiyal, Rahul Subramaniam",2021,13+,2 Seasons,"Comedy, Drama",7.024
57,TV Show,Undeniable,GB,Unknown,"Claire Goose, Peter Firth, Felix Scott, Pippa Haywood",2014,16+,1 Season,"Drama, Suspense",7.0
410,TV Show,Philip K. Dick's Electric Dreams,GB,Unknown,"Terrence Howard, Bryan Cranston, Anna Paquin",2018,18+,1 Season,"Drama, Science Fiction",7.0
409,TV Show,Phonics School,Unknown,Unknown,Unknown,2017,ALL,1 Season,"Animation, Kids, Special Interest",7.0
69,TV Show,Total Wipeout,GB,Unknown,"Richard Hammond, Amanda Byram",2012,ALL,6 Seasons,"Comedy, Documentary, Unscripted",7.0
1350,TV Show,Kitchen,US,Unknown,"Frank Gallagher, Eddie Izzard, Natalie J Robb, James Young, Charlene McKenna",2007,16+,1 Season,"Drama, Suspense",7.0
71,TV Show,Top Gear: Ambitious But Rubbish,Unknown,Unknown,Richard Hammond,2014,TV-PG,1 Season,Documentary,7.0
903,TV Show,Asawa Ko Karibal Ko,PH,Unknown,"Kris Bernal, Rayver Cruz, Thea Tolentino",2019,7+,1 Season,"Kids, LGBTQ, Romance",7.0
1351,TV Show,Grenzlichter - Contact to the Otherworld,US,Unknown,"René, Maria, Sarah, Andreas",2021,16+,1 Season,"Drama, Horror, Suspense",7.0
573,TV Show,Jim Henson's The Storyteller,US,Unknown,"John Hurt, Brian Henson, Sean Bean, Miranda Richardson, Jonathan Pryce, Jennifer Saunders, Gabrielle Anwar, Jane Horrocks",1989,TV-PG,1 Season,"Drama, Fantasy, Kids",7.0
282,TV Show,Silent Witness,GB,Unknown,"Emilia Fox, Richard Lintern, David Caves",2018,TV-MA,21 Seasons,"Drama, Suspense",7.0
572,TV Show,Jim Henson's The Storyteller: Greek Myths,US,Unknown,"Michael Gambon, Brian Henson, Derek Jacobi, Art Malik, Frances Barber, David Morrissey, Gina Bellman, John Wood, Lindsay Duncan",1991,TV-PG,1 Season,"Drama, Fantasy, Kids",7.0
1082,TV Show,Crash Canyon,CA,Unknown,"Tara Strong, Jennifer Irwin, Martin Roach, Patrick McKenna, Peter Keleghan, Joanne Vannicola, Bryn McAuley",2013,TV-14,2 Seasons,"Animation, Comedy",7.0
836,TV Show,Cajun Pawn Stars,Unknown,Unknown,Unknown,2013,TV-14,4 Seasons,TV Shows,7.0
699,TV Show,Flo and Joan: Alive on Stage,US,Unknown,Unknown,2019,16+,1 Season,"Arts, Entertainment, and Culture",7.0
833,TV Show,Car Crash TV,Unknown,Unknown,Chris Barrie,2016,13+,2 Seasons,"Action, Documentary",7.0
765,TV Show,Dark Angel,US,Unknown,"Joanne Froggatt, Jonas Armstrong, Laura Morgan, Emma Fielding, Sam Hoare, Alun Armstrong",2017,TV-14,1 Season,"Documentary, Drama, Special Interest",7.0
1142,TV Show,The Pursuit of Love,GB,Unknown,"LILY JAMES, EMILY BEECHAM, DOMINIC WEST, ANDREW SCOTT, EMILY MORTIMER, DOLLY WELLS, JOHN HEFFERNAN, SHAZAD LATIF, ANNABEL MULLION",2021,TV-PG,1 Season,"Drama, Historical, Romance",7.0
659,TV Show,Gogo Dino Explorers,IN,Unknown,Unknown,2018,ALL,2 Seasons,"Action, Animation, Kids",7.0
1006,TV Show,Beautiful Reborn Flower,CN,Unknown,"Lin Yun, Song Wei Long, Peter Ho",2020,13+,1 Season,"Romance, Suspense",7.0
1171,TV Show,Detentionaire,CA,Unknown,"Jonathan Tan, Zachary Bennett, Ryan Belleville, Seán Cullen",2015,TV-Y7,2 Seasons,"Animation, Comedy, Kids",7.0
1146,TV Show,Four Senses,CA,Unknown,"Christine Ha, Carl Heinrich, Corbin Tomaszeski, Laura Calder, Erin Davis, Wanda Beaver, Claire Tansey, Farzam Fallah, Amira Becarevic, Carole Bearg, Luke Hayes-Alexander, Michael Hunter, Mike Ward, Mairlyn Smith, Frankie Ferragine",2016,TV-G,2 Seasons,Special Interest,7.0
672,TV Show,Generation War,DE,Unknown,"Tom Schilling, Volker Bruch, Katharina Schüttler, Ludwig Trepte, Miriam Stein",2014,13+,1 Season,"Action, Drama, Military and War",7.0
742,TV Show,Downton Abbey,GB,Unknown,"Huge Bonneville, Michelle Dockery, Maggie Smith, Jim Carter, Robert James-Collier, Dan Stevens, Elizabeth McGovern",2016,TV-14,6 Seasons,"Drama, Historical",6.967
743,TV Show,Dororo,JP,Unknown,"Hiroki Suzuki, Rio Suzuki, Naoya Uchida, Shoya Chiba, Mutsumi Sasaki",2019,TV-NR,1 Season,TV Shows,6.967
744,TV Show,Dora the Explorer,US,Unknown,"Dora the Explorer, Day,  Howie",2007,TV-Y,2 Seasons,Kids,6.967
1071,TV Show,"Gattu, Chinkli Aur Adventures",FR,Unknown,Unknown,2021,ALL,1 Season,"Animation, Kids",6.955
1073,TV Show,"LOL: Qui rit, sort!",FR,Unknown,"Phlippe Lacheau, Julien Arruti, Tarek Boudali, Fadily Camara, Reem Kherici, Kyan Khojandi, Bérengère Krief, Hakim Jemili, Gérard Jugnot, Alexandra Lamy, Inès Reg",2021,16+,1 Season,"Comedy, Unscripted",6.955
805,TV Show,Clifford the Big Red Dog,US,Unknown,"Hannah Levinson, Adam Sanders",2021,ALL,6 Seasons,Kids,6.947
525,TV Show,Little Women: NY,Unknown,Unknown,"Lila Call, Misty Irwin",2016,TV-14,2 Seasons,TV Shows,6.939
652,TV Show,Grand Blue Dreaming,JP,Unknown,"Yuma Uchida, Ryohei Kimura",2018,NR,1 Season,TV Shows,6.93
129,TV Show,The Passing Bells,PL,Unknown,"Patrick Gibson, Jack Lowden, Sabrina Bartlett, Eryka Karkuszewska, Jennifer Hennessy, Simon Kunz, Matthew Aubrey",2014,13+,1 Season,TV Shows,6.9
984,TV Show,Paradise City,US,Unknown,"Bella Thorne, Cameron Boyce, Drea de Matteo, Andy Biersack, Ryan Hurst, Fairuza Balk, Mark Boone Junior, Booboo Stewart",2021,18+,1 Season,"Arts, Entertainment, and Culture, Drama",6.9
1265,TV Show,Let's enjoy Kenya safari like a popular online tour!,Unknown,Unknown,Unknown,2020,TV-NR,1 Season,Documentary,6.886
327,TV Show,Rev & Roll,GB,Unknown,Unknown,2019,TV-Y,1 Season,"Animation, Kids",6.88
770,TV Show,Dangerous Roads,GB,Unknown,"Angus Deayton, Mariella Frostrup, Hugh Bonneville, Jessica Hynes",2012,TV-14,3 Seasons,"Documentary, Special Interest",6.875
74,TV Show,Tommy Little: Self-Diagnosed Genius,US,Unknown,Tommy Little,2020,16+,1 Season,"Arts, Entertainment, and Culture",6.846
663,TV Show,Glee,US,Unknown,Unknown,2015,TV-PG,7 Seasons,"Comedy, Drama",6.845
28,TV Show,Wildest Places,AU,Unknown,Unknown,2019,ALL,3 Seasons,"Documentary, Special Interest",6.8
540,TV Show,Legend of Fuyao,CN,Unknown,"Yang Mi, Ethan Juan, Zhang Dongshen, Hu Ke",2018,18+,1 Season,"Drama, Romance",6.8
937,TV Show,All or Nothing: Tottenham Hotspur,GB,Unknown,Unknown,2020,16+,1 Season,"Documentary, Sports, Unscripted",6.8
1244,TV Show,Tales From The Cryptkeeper,CA,Unknown,John Kassir,1999,TV-G,3 Seasons,"Animation, Kids",6.792
1243,TV Show,The Coleman Show,US,Unknown,"Eric Epps, Khadijah Freeman, Cayen Martin, Angelic Prom, Danny Froze, Henri Sallis, Xander Coleman, Calvin Coleman, Timothy ""Prince T Dub"" Hayes",2021,13+,1 Season,"Comedy, Drama",6.792
67,TV Show,Tougher In Alaska,US,Unknown,Geo Beach,2008,TV-PG,1 Season,TV Shows,6.75
604,TV Show,I Survived . . .,JP,Unknown,Unknown,2008,TV-14,1 Season,TV Shows,6.75
72,TV Show,Top Gear America (2017),Unknown,Unknown,"William Fichtner, Tom Ford, Antron Brown",2017,TV-14,1 Season,Special Interest,6.75
1332,TV Show,Subete a mi Moto,PR,Unknown,"Yamil Ureña, Braulio Castillo, Sisan Chiong, Edgar Cuevas, Joseette Vidal, Rocio Verdejo, Azul Guaita, Elaine Haro",2020,TV-NR,1 Season,Drama,6.748
1379,TV Show,ACT 2 - Series 9,IT,Unknown,1,2021,ALL,1 Season,TV Shows,6.725
589,TV Show,INXS: Never Tear Us Apart,AU,Unknown,"Luke Arnold, Damon Herriman, Hugh Sheridan, Andrew Ryan, Alex Williams, Ido Drent, Nick Masters",2014,16+,1 Season,"Drama, Romance",6.722
608,TV Show,Hustle,GB,Unknown,"Robert Glenister, Robert Vaughn, Rob Jarvis, Adrian Lester, Marc Warren, Jaime Murray, Matt Di Angelo, Kelly Adams, Bill Bailey",2012,16+,8 Seasons,"Action, Comedy, Drama",6.714
1288,TV Show,Lotus Cup Europe Championship,GB,Unknown,Unknown,2021,TV-Y7,1 Season,"Documentary, Sports",6.7
1005,TV Show,Pastel Yumi: The Magic Idol,JP,Unknown,Mariko Shiga,2020,7+,1 Season,"Animation, Comedy, Kids",6.7
644,TV Show,Growing Up Gotti,US,Unknown,"Carmine Agnello Jr, Frank Agnello, John Agnello",2005,TV-PG,3 Seasons,TV Shows,6.7
1290,TV Show,Alice in Wonderland,US,Unknown,"Kate Dorning, Ian Wallace, Jonathan Cecil",1986,7+,1 Season,"Kids, Science Fiction",6.7
29,TV Show,Wild North,NO,Unknown,Unknown,2014,7+,1 Season,"Documentary, Special Interest",6.7
912,TV Show,Animal Babies: First Year on Earth,GB,Unknown,Arina Ii,2019,TV-PG,1 Season,TV Shows,6.693
808,TV Show,Classic Popeye,US,Unknown,"Jack Mercer, Mae Questel, Jackson Beck",1960,TV-Y,1 Season,"Animation, Kids",6.667
682,TV Show,Fungus The Bogeyman,GB,Unknown,"Timothy Spall, Victoria Wood, Andy Serkis, Paul Kaye, Keely Hawes, Paul Lancaster, Marc Warren, Joanna Scanlan, Fern Deacon",2015,7+,1 Season,"Animation, Comedy, Kids",6.667
592,TV Show,Inside Men,Unknown,Unknown,"Steven Mackintosh, Warren Brown, Ashley Walters, Nicola Walker, Kierston Wareing",2012,TV-14,1 Season,Drama,6.664
590,TV Show,Invisible TOKYO (English Subtitled),AU,Unknown,"Tetsuya Komuro, Elaiza Ikeda, Akira Morikawa, Noriyoshi Murakami, Kotomi Kuga",2017,TV-NR,1 Season,TV Shows,6.664
775,TV Show,Cuna de Lobos,MX,Unknown,"Paz Vega, Gonzalo García Vivanco, Paulette Hernandez, Diego Amozurrutia, Jose Pablo Minor, Osvaldo de Leon, Azela Robinson, Carlos Aragon, Nailea Norvind, Flavio Medina, Leonardo Daniel",2019,TV-NR,1 Season,TV Shows,6.626
1266,TV Show,JUHOU 2405 Reason of my death,Unknown,Unknown,Ai Takahashi,2012,TV-NR,1 Season,Horror,6.6
599,TV Show,Ilana Glazer: The Planet Is Burning,US,Unknown,Ilana Glazer,2020,16+,1 Season,Comedy,6.6
926,TV Show,America's War on Drugs,Unknown,Unknown,Unknown,2017,TV-14,1 Season,"Documentary, Special Interest",6.583
343,TV Show,RAGE OF BAHAMUT VIRGIN SOUL,JP,Unknown,"Sumire Morohoshi, Yuuichirou Umehara, Hiroyuki Yoshino, Go Inoue, Masakazu Morita",2017,TV-NR,1 Season,Anime,6.581
56,TV Show,Under the Power,CN,Unknown,"Allen Ren, Seven Tan, Han Dong",2019,TV-14,1 Season,"Drama, Romance",6.571
66,TV Show,Trail of Tears,US,Unknown,various,2008,13+,1 Season,"Documentary, Special Interest",6.556
563,TV Show,KenIchi: The Mightiest Disciple (English Dub),KR,Unknown,"Josh Grelle, Carrie Savage",2007,13+,4 Seasons,"Action, Animation, Anime",6.545
1205,TV Show,Babar,FR,Unknown,"Gordon Pinsent, Stuart Stone, Janet-Laine Green, Tara Strong",2000,TV-Y,4 Seasons,"Animation, Comedy, Kids",6.537
1204,TV Show,Helix Studios Presents,CN,Unknown,"Alex Riley, Travis Stevens, Max Carter, Johnny Hands, Garrett Kinsley, Riley Finch, Jacob Hansen, Trevor Harris",2020,18+,2 Seasons,"Comedy, LGBTQ, Romance",6.537
328,TV Show,Return to the Mackenzie - Expedition Overland,GB,Unknown,"Clay Croft, Ty Heaps, Kurt Williams, Jeff Downer, Ryan Erickson, Scott Cahill, Zack Johnson",2016,TV-PG,1 Season,"Action, Documentary, Special Interest",6.52
104,TV Show,The Underground Railroad,US,Unknown,"Thuso Mbedu, Joel Edgerton, Chase W. Dillon, William Jackson Harper, Will Poulter",2021,TV-MA,1 Season,Drama,6.5
100,TV Show,The Witching Season,US,Unknown,"Michael Ballif, James Morris, Hailey Nebeker, Stevie Dutson, Sean Hunter, Emily Broschinsky, Karlee Broschinsky, Anita Rosenbaum, Samuel Morris, Charla Cochran Bocchicchio",2018,13+,1 Season,Horror,6.5
745,TV Show,DIVE!!,JP,Unknown,Unknown,2017,TV-NR,1 Season,TV Shows,6.5
1159,TV Show,Spides,DE,Unknown,"Rosabell Laurenti Sellers, Falk Hentschel, Florence Kasumba, Désirée Nosbusch, Francis Fulton-Smith, Susanne Wuest, Damian Hardung, Aleksander Jovanovic, Harvey Friedman, Anna Bullard, Lion-Russell Baumann, Artjom Gilz, Branko Tomovic, Mathis Wernecke",2020,16+,1 Season,"Science Fiction, Suspense",6.5
466,TV Show,Murphy's Law,TW,Unknown,"James Nesbitt, Del Synnott, Sarah Berger, Michael Feast",2007,18+,5 Seasons,Action,6.479
464,TV Show,My Greatest Dishes,GB,Unknown,Sean Pertwee,2019,7+,1 Season,"Documentary, Special Interest",6.479
786,TV Show,Counting Cars,US,Unknown,Unknown,2015,TV-PG,2 Seasons,Special Interest,6.461
1133,TV Show,Hook City,Unknown,Unknown,"Leighton Bryce Jennings, Jacobi Howard, Messiah Amaraham, Kevin Richmond",2021,Unknown,1 Season,"Action, Drama",6.455
1139,TV Show,Dough boy,CA,Unknown,"Braylon Jones, Malan B., Emanuel Vaneckelen, Melinda Winstead, James Thornton, John Kokoszka, Scott Starkweather",2021,18+,1 Season,"Drama, Romance",6.435
311,TV Show,Ruyi's Royal Love in The Palace,CN,Unknown,"Zhou Xun, Huo Jianhua",2018,13+,1 Season,Drama,6.432
360,TV Show,Prisoners' Wives,GB,Unknown,"Pippa Haywood, Polly Walker, Phoebe Dynevor, Iain Glen, Harry McEntire, Adam Gillen, Don Gayle, David Bradley, Adrian Rawlins, Phillip Mulhern, Emma Rigby, Natalie Gavin",2013,18+,2 Seasons,Drama,6.4
359,TV Show,Project Restoration,US,Unknown,"Marianne Suhr, Griff Rhys Jones, Ptolemy Dean",2016,7+,1 Season,"Special Interest, Unscripted",6.4
269,TV Show,Snog Marry Avoid?,GB,Unknown,Jenny Frost,2009,16+,2 Seasons,TV Shows,6.39
272,TV Show,Sneaky Pete,US,Unknown,"Libe Barer, Marin Ireland, Shane McRae, Peter Gerety, Margo Martindale, Giovanni Ribisi",2019,18+,3 Seasons,Drama,6.39
21,TV Show,WordWorld,US,Unknown,Unknown,2007,TV-G,1 Season,Kids,6.38
20,TV Show,World Food Championships,US,Unknown,Tiffany Derry,2014,TV-PG,1 Season,TV Shows,6.38
134,TV Show,The Notekins - Musical Friends,DK,Unknown,Unknown,2015,ALL,1 Season,"Animation, Kids, Special Interest",6.3
883,TV Show,Basil Rathbone Sherlock Holmes in Color!,US,Unknown,"Basil Rathbone, Nigel Bruce, Patricia Morison",1946,7+,1 Season,Suspense,6.3
422,TV Show,Patrick Melrose,US,Unknown,"Benedict Cumberbatch, Jennifer Jason Leigh, Hugo Weaving, Jessica Raine, Indira Varma",2018,TV-MA,1 Season,Drama,6.3
130,TV Show,The Paradise,GB,Unknown,"Joanna Vanderham, Emun Elliott, Elaine Cassidy, Sarah Lancashire",2013,TV-PG,2 Seasons,"Drama, Romance",6.3
131,TV Show,The Paleo Way,GB,Unknown,Pete Evans,2016,ALL,1 Season,"Documentary, Special Interest",6.3
1079,TV Show,Flower Boy Next Door,KR,Unknown,"Park Shin-hye, Yoon Shi-yoon, Kim Ji-hoon",2013,13+,1 Season,"Comedy, Drama, Romance",6.3
1013,TV Show,The Supa Strikas,CA,Unknown,Unknown,2013,7+,3 Seasons,Kids,6.25
415,TV Show,PEEP and the Big Wide World,CA,Unknown,Unknown,2011,TV-Y,1 Season,Kids,6.244
226,TV Show,Tattletales,US,Unknown,Bert Convy,1974,TV-PG,1 Season,Unscripted,6.208
1050,TV Show,LooLoo Kids,US,Unknown,LooLoo Kids,2021,ALL,1 Season,"Animation, Kids",6.2
1049,TV Show,The Rebel Princess,CN,Unknown,"Zhang Ziyi, Zhou Yiwei",2021,TV-14,1 Season,"Drama, Romance",6.2
1165,TV Show,The Hunting Public,CN,Unknown,"Greg Clements, Aaron Warbritton, Zach Ferenbaugh, Jake Huebschman",2020,13+,4 Seasons,"Action, Documentary, Sports",6.2
1260,TV Show,Postcards From...,US,Unknown,"Alex Smyth, Laura Bain, Shelby Travers, Grant Hardy, Bethany Deer",2020,7+,2 Seasons,Action,6.2
634,TV Show,Harmony with A R Rahman,IN,Unknown,"A R Rahman, Sajith Vijayan, Bahauddin Dagar, Bedabati, Mickma Tshering Lepcha",2018,NR,1 Season,"Arts, Entertainment, and Culture, Documentary",6.2
1263,TV Show,Stand By Me,CN,Unknown,"Yi Cheng, Yuxi Zhang",2021,18+,1 Season,"Drama, Romance",6.2
1262,TV Show,The G,US,Unknown,"William L. Johnson, Morocco Omari, Antoine McKay, Donny Williams, Christie Tate, Guy Spencer, James Gordon",2021,18+,1 Season,Drama,6.2
837,TV Show,Caillou,CA,Unknown,"Evan Smirnow, Ellen David, Jennifer Seguin, Merlee Shapiro, Pat Fry, Annie Bovaird, Jesse Vinet, Bob Stutt, Pauline Little, Melissa Pirrera, Al Gravelle, George Morris, Graeme Jokic, Pier Paquette, Sofie Holland, Matt Ficner, Brigid Tierney, Raquel Trinidad, Jaclyn Linetsky, Bryn McAuley, Ryan Tilson, Tim Gosley, Tyler Brody Stein, Vanessa Lengies, Cara Reynolds, Dallas Jokic, Jessica Kardos, François Sasseville, Holly Gauthier-Frankel, Claudie Verdant, Sarah Johnson, Steve Songs, Matt Fincer, David Tyler, Johanne Garneau, Sannie Bovaird, Addison Holley, Helen King, Melissa Pirerra, Diane Arcand, Madeleine Arsenault, Charlotte Bernard, Violette Chauveau, Hugolin Chevrette-Landesque, Claudia-Laurie Corbeil, Nathalie Coupal, Louis Philippe Dandenault, Mario Desmarais, Sophie Faucher, Gilbert Lachance, Sophie Léger",2010,TV-G,1 Season,Kids,6.2
635,TV Show,Happy Sugar Life,JP,Unknown,"Kana Hanazawa, Misaki Kuno, Yumiri Hanamori, Natsuki Hanae, Aya Suzaki",2018,TV-NR,1 Season,TV Shows,6.2
1022,TV Show,Pinkfong! Sports Club,Unknown,Unknown,Unknown,2021,ALL,1 Season,"Animation, Kids",6.179
349,TV Show,Python for Everybody,US,Unknown,Dr. Charles Russell Severance,2016,Unknown,1 Season,Special Interest,6.167
821,TV Show,Celebrity Paranormal Project,US,Unknown,"Mariel Hemingway, Julio Iglesias Jr.",2006,16+,1 Season,TV Shows,6.1
1442,TV Show,Cavendish,CA,Unknown,"Maddy Bryce, Ewan Petrie, Robert Carr",2021,13+,1 Season,"Comedy, Drama",6.1
611,TV Show,Hunters,US,Unknown,"Al Pacino, Logan Lerman, Jerrika Hinton, Lena Olin, Saul Rubinek, Carol Kane, Josh Radnor, Greg Austin, Tiffany Boone, Louis Ozawa, Kate Mulvany, Dylan Baker",2020,18+,1 Season,"Adventure, Drama",6.091
698,TV Show,Fluffy's Food Adventures,US,Unknown,"Gabriel Iglesias, Rick Gutierrez, Martin Moreno",2017,TV-14,3 Seasons,"Comedy, Special Interest, Unscripted",6.05
1450,TV Show,Ivanhoe,GB,Unknown,"Stephen Waddington, Christopher Lee, Siân Phillips, Ronald Pickup",1997,13+,1 Season,"Action, Drama, Romance",6.045
1449,TV Show,Song of Youth,CN,Unknown,"Bai Lu, Wang Yi Zhe, Gina Jin Xu, Jackie Li, He Lei, Zhang Zheng Yang",2021,13+,1 Season,"Comedy, Drama, Kids",6.045
1466,TV Show,Kids In The Hall,CA,Unknown,Unknown,1995,TV-14,5 Seasons,"Arts, Entertainment, and Culture, Comedy",6.045
1448,TV Show,Supermansion,US,Unknown,Unknown,2019,TV-NR,3 Seasons,"Animation, Comedy",6.045
1446,TV Show,Startup,US,Unknown,Unknown,2016,18+,3 Seasons,TV Shows,6.045
1467,TV Show,Glass Room,CA,Unknown,"Elizaveta Maiskaya, Vsevolod Boldin, Alexander Konstantinov, Anastasia Basha",2019,16+,1 Season,Drama,6.045
1468,TV Show,DaFUNdamentals Series,CA,Unknown,"Emile Crawford, Randall Crawford, Jon Ward",2021,TV-Y,1 Season,"Animation, Kids",6.045
1460,TV Show,Red Oaks,US,Unknown,"Craig Roberts, Ennis Esmer, Oliver Cooper, Alexandra Turshen, Richard Kind, Paul Reiser",2017,18+,3 Seasons,Comedy,6.045
1469,TV Show,Terrahawks,GB,Unknown,"DENISE BRYER, WINDSOR DAVIES, JEREMY HITCHEN, ANNE RIDLER, BEN STEVENS",1983,ALL,3 Seasons,TV Shows,6.045
670,TV Show,Ghost Inside My Child - Special,US,Unknown,Unknown,2016,TV-14,1 Season,TV Shows,6.025
1341,TV Show,Momo Character Classic,GB,Unknown,Unknown,2014,TV-Y,3 Seasons,"Animation, International, Kids",6.0
1119,TV Show,Adventures of Paddingon Bear,GB,Unknown,Unknown,1998,TV-Y,2 Seasons,"Animation, Kids",6.0
518,TV Show,Lost In Oz,US,Unknown,"Ashley Boettcher, Alexander Polinsky, Grey Griffin, Keith Ferguson, Kath Soucie, Stephen Stanton, Jorge Diaz, Chris Cox, Nika Futterman",2018,ALL,2 Seasons,Kids,6.0
519,TV Show,Lorena,US,Unknown,Unknown,2019,16+,1 Season,Documentary,6.0
163,TV Show,The Island with Bear Grylls,GB,Unknown,Bear Grylls,2017,16+,4 Seasons,"Documentary, Special Interest, Unscripted",6.0
240,TV Show,Superbook,Unknown,Unknown,"Shannon Chan-Kent, Sam Vincent, Cathy Weseluck",2015,7+,3 Seasons,"Animation, Faith and Spirituality, Kids",6.0
962,TV Show,A Girl and Three Sweethearts,JP,Unknown,"Kento Yamazaki, Mirei Kiritani, Sakurako Ohara, Shohei Miura, Shuhei Nomura",2016,13+,1 Season,"Comedy, Romance",6.0
1247,TV Show,"Eerie, Indiana",US,Unknown,"Mary-Margaret Humes, Omri Katz, Justin Shenkarow",1993,TV-Y7,1 Season,"Comedy, Drama, Kids",6.0
1248,TV Show,The Amethyst Earring,US,Unknown,"Anna Kuzina, Katerina Tyshkevich, Vladimir Zayats",2018,16+,1 Season,Drama,6.0
513,TV Show,"Luis, el sabio del éxito",Unknown,Unknown,Luis Aragones,2018,TV-NR,1 Season,Documentary,6.0
516,TV Show,Love and Marriage,KR,Unknown,"Alison Steadman, Stewart Wright, Ashley Jensen, Graeme Hawley, Zoe Telford, Celia Imrie, Niky Wardley, Duncan Preston, James McArdle, Larry Lamb, Bruce Alexander, Jessica Sula, John Heffernan",2013,13+,1 Season,"Comedy, Drama",6.0
893,TV Show,Bad Ink,Unknown,Unknown,Rob Ruckus,2014,TV-14,2 Seasons,"Documentary, Special Interest, Unscripted",6.0
1333,TV Show,Jungle Beat,ZA,Unknown,Unknown,2021,ALL,1 Season,"Animation, Kids",6.0
843,TV Show,Breathe: Into the Shadows,IN,Unknown,"Abhishek A. Bachchan, Amit Sadh, Nithya Menen, Saiyami Kher, Hrishikesh Joshi, Shrikant Verma",2020,13+,1 Season,"Drama, Suspense",6.0
842,TV Show,Bring It,KR,Unknown,Unknown,2018,TV-PG,2 Seasons,TV Shows,6.0
810,TV Show,Chris Tall Presents...,DE,Unknown,Chris Tall,2019,16+,1 Season,"Arts, Entertainment, and Culture, Comedy",6.0
362,TV Show,Prime Suspect: Tennison,GB,Unknown,Unknown,2017,TV-14,1 Season,"Drama, Historical, Suspense",6.0
223,TV Show,Technological Marvels of the Ancient World,US,Unknown,Unknown,2005,7+,1 Season,"Adventure, Documentary, Military and War",5.9
950,TV Show,Agatha Christie's The Pale Horse,GB,Unknown,"Rufus Sewell, Sean Pertwee, Kaya Scodelario, Bertie Carvel, Sheila Atim, Christopher Bianchi, Madeleine Bowyer, Georgina Campbell, Kim Chapman, Kathy Kiera Clarke, James Fleet, Poppy Gilbert, Nicky Goldie, Henry Lloyd-Hughes, Ellen Robertson, Claire Skinner, Rita Tushingham, Sarah Woodward, Martin Buchan, Ben Nathan",2020,16+,1 Season,TV Shows,5.9
1285,TV Show,Boris and Rufus,AR,Unknown,Unknown,2021,ALL,1 Season,"Animation, Kids",5.8
721,TV Show,Fake Princess,CN,Unknown,"Zhao Yi Qin, Eleanor Lee, Garvey Jin, Chen Si Yu",2020,18+,1 Season,"Comedy, Romance",5.8
529,TV Show,Lights Out!,US,Unknown,Unknown,2012,TV-PG,1 Season,"Documentary, Special Interest",5.714
331,TV Show,Regular Heroes,US,Unknown,"Alicia Keys, J.J. Watt, Chelsea Phaire",2020,13+,1 Season,Unscripted,5.7
169,TV Show,The House of Cards Trilogy,GB,Unknown,"Isla Blair, Ian Richardson, Julian Fellowes, Nick Brimble",1995,18+,3 Seasons,Drama,5.7
886,TV Show,Barbie - Vlogger,Unknown,Unknown,America Young,2020,ALL,2 Seasons,"Animation, Kids",5.675
84,TV Show,To Tell The Truth with Bud Collyer,US,Unknown,Bud Collyer,1961,TV-G,1 Season,TV Shows,5.6
63,TV Show,Tudor Monastery Farm,GB,Unknown,"Peter Ginn, Ruth Goodman, Tom Pinfold, Geraldine James",2013,7+,1 Season,Documentary,5.6
85,TV Show,Tin Star,GB,Unknown,"Tim Roth, Christina Hendricks, Genevieve O'Reilly",2019,18+,2 Seasons,"Drama, Suspense",5.6
731,TV Show,El Presidente,CL,Unknown,"Andrés Parra, Paulina Gaitán, Karla Souza",2020,16+,1 Season,"Action, Drama, International",5.59
648,TV Show,Great Interior Design Challenge,GB,Unknown,"Sasha Bikoff, Tom Dyckhoff, Daniel Hopwood",2014,TV-PG,1 Season,"Special Interest, Unscripted",5.579
1389,TV Show,The Cat in the Hat Knows a Lot About That!,CA,Unknown,Martin Short,2018,TV-G,2 Seasons,"Animation, Kids",5.534
1387,TV Show,True Tori,US,Unknown,"Tori Spelling, Dean McDermott",2014,TV-14,1 Season,TV Shows,5.534
1420,TV Show,Hightown,US,Unknown,"James Badge Dale, Monica Raymund, Riley Voelkel, Shane Harper, Atkins Estimond, Amaury Nolasco, Dohn Norwood",2020,TV-MA,1 Season,"Drama, LGBTQ, Suspense",5.5
772,TV Show,Dance Moms Miami,US,Unknown,"Angel Armas, Debi Epstein",2012,TV-PG,1 Season,"Documentary, Drama, Unscripted",5.442
733,TV Show,EIC vs The World,MX,Unknown,Unknown,2017,TV-NR,1 Season,"Arts, Entertainment, and Culture, Comedy, International",5.3
1214,TV Show,Super Password,US,Unknown,Bert Convy,1984,TV-G,1 Season,Unscripted,5.2
1206,TV Show,The Wolf Princess,CN,Unknown,"Jason Gu, Ning Kang, Huizi Sheng, Jicai Gao",2021,18+,1 Season,"Comedy, Romance",5.2
767,TV Show,Daniel Tiger and More Snowy Adventures,US,Unknown,"Addison Holley, Amariah Faulkner, Dalila Bela, Ellen Kennedy, Filip Geljo, Heather Bambrick, Hyuma Frankowski, Jaden Waldman, Jake Beale, Jayce Bartok, Jules Arita Koostachin, Justice Quiroz, Katrina Salisbury, Kayla Erickson, Lorne Cardinal, Michelle Thrush, Millie Davis, Molly Lloyd, Nicholas Kaegi, Pawaken Koostachin-Chakasim, Ronald Dean Harris, Sean Michael Kyer, Sequoia Janvier, Shawn Youngchief, Stuart Ralston, Ted Dykstra",2020,TV-Y,1 Season,Kids,5.0
1149,TV Show,Luxe Listings Sydney,AU,Unknown,"Gavin Rubinstein, Simon Cohen, D'Leanne Lewis",2021,NR,1 Season,Unscripted,5.0
447,TV Show,Numbers Parade Series,US,Unknown,Unknown,2015,ALL,1 Season,"Animation, Kids, Special Interest",5.0
442,TV Show,Odd Squad,US,Unknown,"Dalila Bela, Filip Geljo, Millie Davis",2014,TV-Y,1 Season,Kids,5.0
436,TV Show,ONIHEI,JP,Unknown,"Kenyu Horiuchi, Daisuke Namikawa, Romi Pak",2017,TV-NR,1 Season,Anime,5.0
1334,TV Show,Honey and Clover,JP,Unknown,"Yuuji Ueda, Takako Honda, Haruka Kudou",2005,13+,1 Season,"Comedy, Drama, Romance",5.0
1336,TV Show,All Or Nothing: Toronto Maple Leafs,CA,Unknown,Unknown,2021,TV-14,1 Season,Sports,5.0
766,TV Show,Daniel Tiger's Neighborhood,US,Unknown,"Jake Beale, Heather Bambrick, Ted Dykstra",2012,TV-Y,1 Season,Kids,5.0
457,TV Show,My Restaurant Rules Australia,US,Unknown,"Caterina Borsato, Patrick Collins, Matt Moran, Curtis Stone",2004,7+,1 Season,"Special Interest, Unscripted",5.0
1060,TV Show,Baahubali The Lost Legends,IN,Unknown,Unknown,2017,NR,1 Season,"Animation, Young Adult Audience",5.0
1089,TV Show,Head Above Water,CN,Unknown,"Bronte Campbell, Kyle Chalmers, Cody Simpson, Ian Thorpe",2021,TV-MA,1 Season,Sports,4.833
814,TV Show,Chi's Sweet Adventure,JP,Unknown,"Maaya SAKAMOTO, Makoto YASUMURA, Rikiya KOYAMA, Satomi KOHROGI, Ryoko SHIRAISHI",2018,ALL,2 Seasons,"Anime, International, Kids",4.813
1238,TV Show,The Guard,CA,Unknown,"Steve Bacic,  Zoie Palmer, Jeremy Guilbaut, Gordon Michael Woolvett",2009,TV-14,1 Season,Drama,4.8
629,TV Show,Historic Hotels of America,GB,Unknown,Unknown,2008,TV-G,1 Season,"Documentary, Special Interest",4.5
58,TV Show,Uncle,GB,Unknown,"Nick Helm, Elliot Speller-Gillott, Daisy Haggard, Con O'Neill, Esther Smith, Daniel Lawrence Taylor, Sydney Rae White",2014,TV-14,2 Seasons,Comedy,4.4
1054,TV Show,Distemper,Unknown,Unknown,"Abigail Hawk, Chiké Okonkwo, Tara Westwood, Matthew Conlon, Lee R. Sellars, Clare O'Malley, Lukas Hassel, Jackie Martling, Marlon Perrier",2021,TV-PG,1 Season,TV Shows,4.333
1057,TV Show,The Great Passage,JP,Unknown,Unknown,2016,TV-NR,1 Season,Anime,4.333
1187,TV Show,The Father,US,Unknown,"Azat Seitimetov, Zhuldyz Anuarova, Alikhan Beksultan",2015,13+,1 Season,Drama,4.3
1012,TV Show,Criaturas SOS,CA,Unknown,Unknown,2013,TV-PG,1 Season,Kids,4.3
1191,TV Show,Modern Love,US,Unknown,"Minnie Driver, Kit Harington, Dominique Fishback, Anna Paquin, Marquis Rodriguez, Lucy Boynton, Gbenga Akinnagbe, Garrett Hedlund, Zoë Chao, Tobias Menzies, Sophie Okonedo, Isaac Powell, Zane Pais, James Scully, Lulu Wilson, Grace Edwards, Don Wycherley, Tom Burke, Jack Reynor, Miranda Richardson",2021,16+,2 Seasons,"Comedy, Drama, Romance",4.3
87,TV Show,Time Enna Boss,IN,Unknown,"Bharath Niwas, Priya Bhavanishankar, Robo Shankar, Karunakaran, Sanjana Sarathy, Alexander Babu",2020,13+,1 Season,"Comedy, International",4.0
884,TV Show,Barter Kings,US,Unknown,Unknown,2013,TV-PG,2 Seasons,"Documentary, Drama, Unscripted",4.0
388,TV Show,"Pinkfong! Hogi, the Detective",GB,Unknown,Unknown,2021,ALL,1 Season,"Animation, Kids",3.8
158,TV Show,The Last of Robin Hood,GB,Unknown,Kevin Kline,2018,TV-14,1 Season,Drama,3.7
157,TV Show,The Last Post,GB,Unknown,"Jessie Buckley, Jeremy Neumark Jones, Tom Glynn-Carney",2017,16+,1 Season,"Drama, Historical, Military and War",3.7
1069,TV Show,Queen and I,KR,Unknown,"Ji Hyun-Woo, Yoo In-Na",2012,13+,1 Season,"Drama, Romance, Science Fiction",3.5
1041,TV Show,Ekaterina: The Rise of Catherine the Great,RU,Unknown,"Marina Aleksandrova, Aleksandr Yatsenko, Rinal Mukhametov, Yuliya Aug",2014,16+,1 Season,Drama,3.3
560,TV Show,Killer IQ: Lion vs. Hyena,JP,Unknown,Unknown,2015,TV-PG,1 Season,Special Interest,2.6
554,TV Show,Kung Food,US,Unknown,Unknown,2011,7+,1 Season,Kids,2.6
300,TV Show,Secrets of the Castle,GB,Unknown,"Ruth Goodman, Peter Ginn, Tom Pinfold",2014,13+,1 Season,"Documentary, Special Interest",2.0
298,TV Show,Secrets Of The Universe,Unknown,Unknown,Unknown,2015,ALL,1 Season,"Documentary, Special Interest",2.0
866,TV Show,Big Easy Motors,US,Unknown,"Grant Bayerle, Martin Bayerle, Billy Bretherton",2016,TV-PG,1 Season,"Documentary, Drama, Unscripted",2.0
863,TV Show,Billy the Exterminator,US,Unknown,Billy Bretherton,2012,TV-PG,6 Seasons,"Documentary, Drama, Unscripted",2.0
301,TV Show,Secret State,GB,Unknown,"Gabriel Byrne, Charles Dance, Gina McKee, Ralph Ineson",2012,TV-14,1 Season,"Drama, Suspense",2.0
308,TV Show,Scrapyard Supercar,GB,Unknown,"Shane Lynch, Ralph Hosier",2019,7+,1 Season,"Special Interest, Unscripted",2.0
469,TV Show,Mr. Bean: The Animated Series,GB,Unknown,"Rowan Atkinson, Sally Grace, Mathilda Ziegler",2019,7+,1 Season,"Animation, Kids",2.0
1366,TV Show,Chaotic,US,Unknown,"Marc Thompson, Rebecca Soler",2008,7+,1 Season,"Animation, Kids",2.0
1051,TV Show,LOL - Last One Laughing Spain,ES,Unknown,"Santiago Segura, David Fernández, Edu Soto, Francisco Collado, Mario Vaquerizo, El Monaguillo"" Sergio Fernández, Paco Arévalo, Rossy de Palma, Silvia Abril, Xavier Deltell, Yolanda Ramos, Manuel González Sabin ""Cañita, Carolina Noriega",2021,16+,1 Season,"Comedy, Unscripted",2.0
879,TV Show,Beat,DE,Unknown,"Svenja Jung, Gudrun Ritter, Karoline Herfurth, Carlo Ljubek, Claudia Michelsen, Karl Markovics, Nina Gummich, Thekla Reuten, Anna Bederke, Christian Berkel, Alexander Fehling, Hanno Koffler, Ivan Shvedoff, Kostja Ullmann, Jannis Niewöhner",2018,18+,1 Season,"Drama, International",1.0
878,TV Show,BEATLESS,JP,Unknown,"Takuto Yoshinaga, Nao Toyama, Misako Tomioka, Hiromi Igarashi, Shino Shimoji",2018,TV-NR,1 Season,TV Shows,1.0
401,TV Show,Pinkfong! Baby Shark's Day at Home,GB,Unknown,Unknown,2021,ALL,1 Season,"Animation, Kids",1.0
449,TV Show,NOVA: Volatile Earth - Volcano on Fire,US,Unknown,Parker Sawyers,2018,TV-PG,1 Season,TV Shows,0.0
679,TV Show,Gangstars (Hindi),GB,Unknown,"Jagapati Babu, Navdeep, Sidhu, Swetha Basu Prasad, Sivaji, Apoorva Arora, Aiswarya, Krishna Bhagwan, Dhanraj, Posani",2018,13+,1 Season,International,0.0
470,TV Show,Mr. Bean,GB,Unknown,Rowan Atkinson,1995,7+,1 Season,"Comedy, Kids",0.0
657,TV Show,Good Girls Revolt,US,Unknown,"Genevieve Angelson, Anna Camp, Erin Darke, Chris Diamantopoulos, Joy Bryant, Hunter Parrish",2016,18+,1 Season,Drama,0.0
696,TV Show,Forever,US,Unknown,"Maya Rudolph, Fred Armisen",2018,16+,1 Season,"Comedy, Romance",0.0
1327,TV Show,Back To The Rafters,AU,Unknown,"Rebecca Gibney, Erik Thomson, Hugh Sheridan, Angus McLaren, Georgina Haig, Willow Speers, HaiHa Le, George Houvardas, Michael Caton",2021,NR,1 Season,Drama,0.0
1328,TV Show,YoYo,SA,Unknown,Unknown,2021,ALL,1 Season,"Animation, Kids",0.0
1329,TV Show,The Wheel of Time,US,Unknown,"Rosamund Pike, Daniel Henney, Josha Stradowski, Madeleine Madden, Zoë Robins, Marcus Rutherford, Barney Harris",2021,TV-14,1 Season,"Adventure, Drama, Fantasy",0.0
429,TV Show,Pandora,US,Unknown,"Priscilla Quintana, Raechelle Banno, Martin Bobb-Semple",2020,TV-NR,2 Seasons,"Action, Adventure, Drama",0.0
653,TV Show,Gracepoint,US,Unknown,"David Tennant, Anna Gunn, Michael Peña, Virginia Kull, Nick Nolte, Jacki Weaver, Josh Hamilton, Kevin Rankin",2014,13+,1 Season,"Drama, Suspense",0.0
475,TV Show,MonsterQuest,US,Unknown,Stan Bernard,2010,TV-PG,4 Seasons,"Documentary, Special Interest",0.0
1412,TV Show,The Hunter,JP,Unknown,"Edoardo Pesce, Francesco Foti, Francesco Montanari, Marco Rosetti, Miriam Dalmazio, Roberto Citran",2020,TV-MA,1 Season,International,0.0
26,TV Show,Wisconsin Unexplained,US,Unknown,Michael Butt,2018,16+,1 Season,TV Shows,0.0
1402,TV Show,I Can See You: Truly Madly Deadly,KR,Unknown,"Jennylyn Mercado, Dennis Trillo, Rhian Ramos",2020,13+,1 Season,"Horror, Suspense",0.0
1400,TV Show,Savage X Fenty Show,US,Unknown,"Rihanna, Nas, Daddy Yankee, Bia, Jazmine Sullivan, Ricky Martin, Erykah Badu, Nyjah Houston, Normani",2021,16+,3 Seasons,Unscripted,0.0
423,TV Show,Pati's Mexican Table,US,Unknown,Pati Jinich,2020,ALL,1 Season,Special Interest,0.0
1391,TV Show,F2 Kicks Off,US,Unknown,"Billy Wingrove, Jeremy Lynch, Wretch 32, Tom Chilton, Harvey (So Solid Crew), Darren Bent, 3Run Parkour, Bayo Aakinfenwa, Matti Hemmings, Tinchy Stryder, Lethal Bizzle, Golf Trickshot Boys, Ryan Tricks, Anthony Costa, Bashy, Jamie Squibb, Harlequins Rugby",2014,7+,1 Season,Documentary,0.0
1386,TV Show,Act 2 - Series 1,IT,Unknown,1,2021,ALL,2 Seasons,TV Shows,0.0
35,TV Show,What The Constitution Means To Me,US,Unknown,"Heidi Schreck, Mike Iveson, Rosdely Ciprian, Thursday Williams",2020,16+,1 Season,Comedy,0.0
42,TV Show,Wake In Fright,AU,Unknown,"Sean Keenan, Alex Dimitriades, Caren Pistorius, Gary Sweet, Anna Samson, Lee Jones, Jada Alberts",2017,16+,1 Season,"Action, Drama, Suspense",0.0
1437,TV Show,Tales of Para Handy,GB,Unknown,"Gregor Fisher, Sally Howitt, Sean Scanlon, Rikki Fulton",1995,16+,2 Seasons,TV Shows,0.0
53,TV Show,Upload,US,Unknown,"Robbie Amell, Andy Allo, Allegra Edwards, Zainab Johnson, Kevin Bigley, Chloe Coleman",2020,16+,1 Season,Comedy,0.0
584,TV Show,James May: Our Man in Japan,GB,Unknown,James May,2020,13+,1 Season,Documentary,0.0
417,TV Show,Pawn Stars,US,Unknown,Unknown,2012,TV-14,1 Season,"Special Interest, Unscripted",0.0
613,TV Show,Hunderby,GB,Unknown,"Alexandra Roach, Alex MacQueen, Julia Davis, Rufus Jones",2015,TV-MA,2 Seasons,"Comedy, Drama",0.0
618,TV Show,Hot Mess Millionaire,GB,Unknown,Dr. Venus Opal Reese,2020,TV-MA,1 Season,"Documentary, Special Interest, Unscripted",0.0
625,TV Show,Home and Away,AU,Unknown,"Roger Oakley, Vanessa Downing, Alex Papps, Sharyn Hodgson, Adam Willits, Helena Bozich, Kate Ritchie, Nicolle Dickson, Judy Nunn, Ray Meagher, Norman Coburn, Frank Lloyd, Sheila Kennelly, Greg Benson, Justine Clarke, Craig Thomson, Peter Vroom, Fiona Spence",1989,13+,2 Seasons,"Drama, Romance",0.0
484,TV Show,Mind The Malhotras (4K UHD),CN,Unknown,"Cyrus Sahukar, Mini Mathur, Denzil Smith",2019,13+,1 Season,Comedy,0.0
1345,TV Show,The Carlos Watson Show,GB,Unknown,Carlos Watson,2021,16+,2 Seasons,"Documentary, Talk Show and Variety",0.0
479,TV Show,Mister Maker,GB,Unknown,Phil Gallagher,2007,ALL,1 Season,"Kids, Special Interest",0.0
395,TV Show,Pinkfong! Christmas Carols,GB,Unknown,Unknown,2018,ALL,2 Seasons,"Animation, Kids",0.0
477,TV Show,Mix Master: King of Cards,KR,Unknown,Unknown,2005,ALL,1 Season,"Animation, Anime, Kids",0.0
636,TV Show,Hanna,US,Unknown,"Esmé Creed-Miles, Mireille Enos, Dermot Mulroney",2020,16+,2 Seasons,"Action, Drama, Suspense",0.0
194,TV Show,The Dick Van Dyke Show,US,Unknown,"Dick Van Dyke, Mary Tyler Moore, Carl Reiner, Larry Mathews",1963,TV-G,1 Season,"Comedy, Kids",0.0
732,TV Show,El Candidato,MX,Unknown,"James Purefoy, Erendira Ibarra, José María de Tavira, Joaquín Cosío, Esmeralda Pimentel",2020,TV-MA,1 Season,"Action, Drama",0.0
176,TV Show,The Glory Is Gone,GB,Unknown,"Kai Wiesinger, Bettina Zimmermann, Luise Befort, Benjamin Stein",2017,TV-NR,2 Seasons,TV Shows,0.0
1216,TV Show,Garth Marenghi's Darkplace,GB,Unknown,"Richard Ayoade, Matthew Holness, Matt Berry, Alice Lowe",2004,18+,1 Season,Comedy,0.0
242,TV Show,Sunshine Sento-Sake (Subbed),Unknown,Unknown,Unknown,2016,TV-NR,1 Season,TV Shows,0.0
137,TV Show,The Next Step,CA,Unknown,"Myles Erlick, Shelby Bain, Victoria Baldesarra, Alexandra Beaton",2017,TV-G,5 Seasons,"Drama, Unscripted, Young Adult Audience",0.0
138,TV Show,The New Yorker Presents,US,Unknown,"Rachel Aviv, Roz Chast, Paul Giamatti",2016,TV-MA,1 Season,Documentary,0.0
1200,TV Show,The Deer and the Cauldron,CN,Unknown,"Zhang Yi Shan, Tina Tang, Zhang Tian Yang, Zhu Zhu, Yang Qi Ru, Guo Yang",2020,13+,1 Season,"Action, Comedy",0.0
1020,TV Show,Loudermilk,US,Unknown,"Ron Livingston, Will Sasson, Anja Savcic, Brian Regan, Jackie Flynn, Timothy Webber",2021,16+,3 Seasons,Comedy,0.0
232,TV Show,Swedish Dicks,SE,Unknown,"Peter Stormare, Johan Glans, Vivian Bang, Felisha Cooper, Keanu Reeves, Traci Lords, Stephanie Koenig, J.P. Manoux, Suzanne Ford, Frances Fisher",2018,TV-MA,2 Seasons,Comedy,0.0
1168,TV Show,Mussolini: The Untold Story,US,Unknown,"Robert Downey Jr., George C. Scott, Gabriel Byrne",2020,13+,1 Season,Action,0.0
1167,TV Show,Vip Pets,US,Unknown,Unknown,2020,ALL,1 Season,"Animation, Kids",0.0
1043,TV Show,Solos,US,Unknown,"Uzo Aduba, Nicole Beharie, Morgan Freeman",2021,NR,1 Season,"Drama, Fantasy, Science Fiction",0.0
1162,TV Show,The Dance Of The Storm,CN,Unknown,"William Chan, Gulnazar, Guo Jiahao, Simon Yam",2021,TV-MA,1 Season,"Action, Drama, Romance",0.0
1160,TV Show,Overlord,JP,Unknown,"Bai Lu, Leon Lai, Alen Fang, Zhai Zi Lu, Xu Mu Chan, Hou Pei Shan",2020,13+,1 Season,"Comedy, Suspense",0.0
171,TV Show,The Haunting Of. . .,US,Unknown,Unknown,2012,TV-PG,1 Season,"Horror, Suspense",0.0
1052,TV Show,Finding You,US,Unknown,"Chris Murphy Smith, Christopher Brian, Philip Kramer, Jason Lake",2021,TV-MA,1 Season,"LGBTQ, Romance",0.0
330,TV Show,Requiem From the Darkness (English Dub),AU,Unknown,"Grant George, Steve Kramer, Karen Strassman, Michael McConnohie",2003,18+,1 Season,"Animation, Anime, Horror",0.0
1140,TV Show,Becharey,Unknown,Unknown,"Ranjeet (Gopal Bedi), Rahul Datta, Amita Yadav, Tusharr Shiv, Prateik Chaudhary, Sambhav Jain, Himanshi Bhatt, Sandeep Shrivastava",2020,18+,1 Season,Comedy,0.0
198,TV Show,The Carol Burnett Show,US,Unknown,"Carol Burnett, Tim Conway, Vicki Lawrence, Lucille Ball, Harvey Korman, Lyle Waggoner, Ernie Anderson, Steve Lawrence, Dick Van Dyke, Eydie Gorme, Bernadette Peters, Mel Torme, Martha Raye, Cass Elliot, Roddy McDowall, Vincent Price, Jonathan Winters, Carl Reiner, Rock Hudson, Andy Griffith, Betty White, Carol Channing, Soupy Sales, Ruth Buzzi, Joan Rivers, Tom Smothers, Sammy Davis Jr., Cher, Don Rickles, Steve Martin, Burt Reynolds",1972,13+,1 Season,Comedy,0.0
1129,TV Show,The Romance of Tiger and Rose,CN,Unknown,"Rosy Zhao, Ryan Ding, Zhou Zi Xin, Sheng Ying Hao, Jin Yan Qing, Zhao Xin, Patrick Quan, Smile Wei",2020,13+,1 Season,"Comedy, Drama, Science Fiction",0.0
1128,TV Show,"""The Paramedic Angel""",KR,Unknown,"Nate Reidnauer, Nikki Hrichak, Nina Randazzo, Rachel Mackall, Charmar Jeter, Marisa Marra, Riley Carbone, Jessica Cherniak",2021,ALL,1 Season,Drama,0.0
190,TV Show,The Evolution of Us,Unknown,Unknown,Unknown,2016,ALL,1 Season,"Documentary, Special Interest",0.0
1123,TV Show,Sergio Ramos,US,Unknown,"Sergio Ramos, Pilar Rubio",2021,16+,2 Seasons,"Sports, Unscripted",0.0
191,TV Show,The Evolution of Evil,Unknown,Unknown,Alisdair Simpson,2017,16+,1 Season,Documentary,0.0
1103,TV Show,The Red Box,CA,Unknown,"Lawrence Bell, RKM Legend, Brandon Miller, Carmen Martinez, Ashley Hirano, Bradley William Smith, Carolyn Gazalski, Trish Powell, Ronson Hawkins, Shahroze Khan, Janika La'Shae, Janet Wang, Queara Doll, Nikorea Rodgers, Jacqueline Hays, Ike Mckris Onyekwere",2021,TV-MA,1 Season,"Action, Arts, Entertainment, and Culture, Drama",0.0
1097,TV Show,Billions,US,Unknown,Unknown,2019,TV-MA,4 Seasons,TV Shows,0.0
1088,TV Show,HITOSHI MATSUMOTO Presents Documental,JP,Unknown,Hitoshi Matsumoto,2021,18+,4 Seasons,"Comedy, International, Unscripted",0.0
1087,TV Show,NBA Games of the Year,GB,Unknown,Unknown,2014,ALL,1 Season,"Arts, Entertainment, and Culture",0.0
1085,TV Show,When Eagles Dare: Crystal Palace F.C.,GB,Unknown,"Wilfried Zaha, Steve Parish, Ian Holloway, Dougie Freedman, Stephen Browett, Julian Speroni, Joel Ward, Damien Delaney, Peter Ramage, Mile Jedinak, Yannick Bolasie, Glenn Murray, Jonny Williams, Kevin Phillips, Mark Steel, Ben Bailey Smith, Kevin Day, Chris Grierson",2021,TV-NR,1 Season,"Documentary, Sports",0.0
1083,TV Show,Bosch,US,Unknown,"Titus Welliver, Jamie Hector, Amy Aquino, Madison Lintz, Lance Reddick",2021,16+,7 Seasons,"Action, Drama, Suspense",0.0
247,TV Show,Strange Empire Series,US,Unknown,"Cara Gee, Tattiawna Jones, Melissa Farman, Aaron Poole",2015,13+,1 Season,"Drama, Western",0.0
1218,TV Show,The mystery of Dr. Zach,CA,Unknown,"Yaroslav Payuk, Sergey Zaoburniy",2021,13+,1 Season,"Special Interest, Suspense",0.0
248,TV Show,Storage Wars: Texas,US,Unknown,"Walt Cade, Ricky Smith, Bubba Smith, Mary Padian",2012,TV-14,1 Season,TV Shows,0.0
957,TV Show,Act of Will,FR,Unknown,"Victoria Tennant, Peter Coyote, Elizabeth Hurley, Kevin McNally, Serena Gordon, Lynsey Baxter, Jean Marsh",1989,16+,1 Season,Drama,0.0
329,TV Show,Rescue Special Ops,AU,Unknown,"Daniel Amalm, Gigi Edgley, Katherine Hicks, Les Hill, Andrew Lees, Peter Phelps, Libby Tanner",2010,16+,3 Seasons,"Action, Drama",0.0
768,TV Show,Daniel Tiger and More Incredible Stories,US,Unknown,"Addison Holley, Adeline Potts, Amariah Faulkner, Clay St. Thomas, Ellen Kennedy, Hyuma Frankowski, Jaden Waldman, Jayce Bartok, Jules Arita Koostachin, Justice Quiroz, Kayla Erickson, Kira Gelineau, Luc Roderique, Michelle Thrush, Molly Lloyd, Ronald Dean Harris, Sequoia Janvier, Shawn Youngchief, Sovereign Bill",2018,TV-Y,1 Season,Kids,0.0
769,TV Show,Daniel Tiger and More Halloween Fun!,US,Unknown,"Addison Holley, Aidan Vissers, Amariah Faulkner, Betty Aberlin, Chuck Aber, Fred Rogers, Heather Bambrick, Jaden Waldman, Jake Beale, Jayce Bartok, Justice Quiroz, Kayla Erickson, Lenny Meledandri, Molly Lloyd, Nicholas Kaegi, Stuart Ralston, Ted Dykstra, Tome Cousin, Wyatt White, Zoe Hatz",2019,TV-Y,1 Season,Kids,0.0
326,TV Show,Rex the Runt,GB,Unknown,Unknown,2001,TV-PG,2 Seasons,Comedy,0.0
312,TV Show,Russell Peters: Deported,Unknown,Unknown,Russell Peters,2020,16+,1 Season,"Arts, Entertainment, and Culture, Comedy",0.0
1296,TV Show,Bill Winston Ministries Draft,US,Unknown,Dr. Bill Winston,2020,TV-G,2 Seasons,"Drama, Faith and Spirituality, Special Interest",0.0
1292,TV Show,Rogue,CA,Unknown,"Cole Hauser, Meaghan Rath, Ashley Greene, Sergio Di Zio, Neal McDonough",2017,TV-MA,3 Seasons,"Action, Drama",0.0
290,TV Show,Shaun the Sheep,GB,Unknown,Unknown,2012,TV-G,6 Seasons,Animation,0.0
195,TV Show,The Dangerous Book for Boys,US,Unknown,"Kyan Zielinski, Drew Logan Powell, Erinn Hayes, Chris Diamantopoulos, Gabriel Bateman",2018,7+,1 Season,Young Adult Audience,0.0
289,TV Show,Shaun the Sheep - The Farmer's Llamas,JP,Unknown,"John Sparkes, Sean Connolly, Kate Harbour, Andy Nyman",2015,ALL,1 Season,Kids,0.0
871,TV Show,Between Two Ferns,US,Unknown,"Zach Galifianakis, Jerry Seinfeld, Hillary Clinton, President Barack Obama, Justin Bieber, Brad Pitt, Steve Carell, Bradley Cooper, Ben Stiller, Jimmy Kimmel, Michael Cera, Jon Hamm, Natalie Portman, Charlize Theron, Conan O'Brien, Andy Richter, Sean Penn, Bruce Willis, Jennifer Aniston, Tila Tequila, Will Ferrell, Jennifer Lawrence, James Franco, Naomi Watts, Anne Hathaway, Christoph Waltz, Amy Adams, Jessica Chastain, Sally Field, Cardi B, Wayne Knight",2018,TV-14,1 Season,Comedy,0.0
874,TV Show,Best of BabyFirst Art Music Language And More,US,Unknown,Unknown,2019,ALL,4 Seasons,"Animation, Kids",0.0
885,TV Show,Barbie Dreamtopia,Unknown,Unknown,"Erica Lindbeck, Meira Blinkoff, Lucien Dodge",2019,TV-Y,1 Season,"Animation, Kids",0.0
288,TV Show,Shepherd,JP,Unknown,"Lance E. Nichols, Kelvin Harrison Jr., Alicia Davis Johnson, Chelsea Bryan",2021,13+,1 Season,Drama,0.0
86,TV Show,Timmy Time,GB,Unknown,Unknown,2011,ALL,5 Seasons,"Animation, Kids",0.0
287,TV Show,Shin chan Spin-off vol.1  Aliens vs. Shinnosuke,JP,Unknown,Unknown,2016,TV-NR,1 Season,Anime,0.0
267,TV Show,Sonic X,JP,Unknown,"Jason Griffith, Mike Pollock, Suzanne Goldish, Lisa Ortiz, Amy Palant, Rebecca Honig, Kathleen Delaney, Matt Hoverman, Amy Birnbaum, Darren Dunstan, Andrew Rannells, Gregory Abbey, Oliver Wyman, James Carter Cathcart, Kayzie Rogers, Rachael Lillis",2005,TV-Y7,3 Seasons,"Animation, Anime, Kids",0.0
266,TV Show,Sons of the Soil : Jaipur Pink Panthers,IN,Unknown,Abhishek Bachchan,2020,13+,1 Season,"Documentary, Drama, Sports",0.0
1245,TV Show,McMafia,GB,Unknown,"James Norton, Aleksey Serebryakov, Caio Blat, David Dencik, David Strathairn, Faye Marsay, Juliet Rylance, Maria Shukshina, Merab Ninidze, Oshri Cohen",2018,TV-MA,1 Season,"Drama, International, Suspense",0.0
265,TV Show,Spies of Warsaw,GB,Unknown,"David Tennant, Janet Montgomery, Ann Eleonora Jørgensen",2013,TV-14,1 Season,Drama,0.0
927,TV Show,America's Next Top Model,US,Unknown,"Tyra Banks, Nigel Barker, André Leon Talley",2010,TV-14,14 Seasons,Unscripted,0.0
106,TV Show,The Ultimate Civil War Series,Unknown,Unknown,Unknown,2012,13+,1 Season,Documentary,0.0
929,TV Show,America The Story of Us,US,Unknown,"Daniel Webb, Liev Schreiber",2010,TV-PG,1 Season,Documentary,0.0
115,TV Show,The Tesla Files,US,Unknown,"Marc Seifer, Jonathan Adam",2018,TV-PG,1 Season,"Documentary, Special Interest",0.0
128,TV Show,The Remix,Unknown,Unknown,"Akhil Talreja, Amit Trivedi, Karan Tacker, Kryll, Sreeram Chandra, Thomson Andrews, Prakriti Kakar, Kiran Kamath, Megha Kawale, Nawed Khan, Manasi Scott, NSG, Sureal, Rashmeet Kaur, Anirudh Bhola, Akasa Singh, Nucleya, Candice Redding, Sunidhi Chauhan, Rink, Sonam Topden, Skip, Yash Narvekar, Rupali Jagga",2018,13+,1 Season,"International, Music Videos and Concerts, Unscripted",0.0
260,TV Show,Star Trek Original (Remastered),US,Unknown,"Leonard Nimoy, William Shatner, DeForest Kelley",1969,TV-PG,3 Seasons,Science Fiction,0.0
1232,TV Show,Deadbeat,US,Unknown,"Tyler Labine, Cat Deeley, Brandon T. Jackson, Lucy DeVito",2015,TV-14,2 Seasons,Comedy,0.0
1040,TV Show,True Friend,CN,Unknown,"Elena Borozenets, Kateryna Tyshkevich, Galina Kobzar-Slobodyuk, Vitaliy Kudryavtsev",2020,16+,1 Season,Drama,0.0
